,,,,,,,,,,,,,,,,,,,,,,,,,
,,MoM Performance + Budgets,,,,,,,,,,,,,,,,,,,,,,,
,,,,,,,,,,,,,,,,,,,,,,,,,
,,Total Monthly Media Budget $NZD,,,,,,,,,,,,,,,,,,,,,,,
,Budget,September 2024,October 2024,November 2024,December 2024,January 2025,February 2025,March 2025,April 2025,May 2025,June 2025,July 2025,August 2025,September 2025,October 2025,November 2025,December 2025,January 2026,February 2026,March 2026,April 2026,May 2026,June 2026,July 2026,August 2026
,Actual,"$8,587.50","$9,971.38","$10,333.17","$13,658.34","$37,064.31","$49,323.35","$28,735.67","$17,938.84","$16,776.00","$21,418.74","$28,215.69","$28,171.70","$36,734.73","$41,575.27","$53,270.12","$41,508.76","$102,253.70","$138,752.67","$178,546.41","$51,513.42","$71,628.39","$77,857.00","$130,442.00","$80,297.24"
,Forecasted,,,,,,,,,,,,,,,"$56,000.00","$25,000.00","$176,000.00","$147,054.00","$163,000.00",$0.00,,"$80,688.00","$146,224.00","$138,000.00"
,Difference,,,,,,,,,,,,,,,"$2,729.88","-$16,508.76","$73,746.30","$8,301.33","-$15,546.41","-$51,513.42",,"$2,831.00","$15,782.00","$57,702.76"
,,,,,,,,,,,,,,,,,,,,,,,,,
,,Channel Spend $NZD - Forecasted,,,,,,,,,,,,,,,,,,,,,,,
,Channel,September 2024,October 2024,November 2024,December 2024,January 2025,February 2025,March 2025,April 2025,May 2025,June 2025,July 2025,August 2025,September 2025,October 2025,November 2025,December 2025,January 2026,February 2026,March 2026,April 2026,May 2026,June 2026,July 2026,August 2026
,TikTok,,,,,,,,,,,,,,,"$5,500.00","$2,500.00","$29,600.00","$18,500.00","$39,100.00",,,$0.00,"$5,000.00",$0.00
,YouTube,,,,,,,,,,,,,,,"$4,000.00","$2,000.00","$35,000.00","$15,300.00","$14,900.00",,,"$7,000.00","$7,000.00","$7,000.00"
,Meta,,,,,,,,,,,,,,,"$28,500.00","$12,000.00","$42,000.00","$34,804.00","$55,650.00",,,"$44,188.00","$61,224.00","$65,750.00"
,Reddit,,,,,,,,,,,,,,,"$15,000.00","$7,000.00","$24,400.00","$20,450.00","$31,850.00",,,"$10,000.00","$22,500.00","$18,250.00"
,Spotify,,,,,,,,,,,,,,,,,"$17,500.00","$20,000.00","$8,100.00",,,$0.00,$0.00,$0.00
,Stackadapt,,,,,,,,,,,,,,,,,"$27,500.00","$38,000.00","$8,000.00",,,"$15,000.00","$15,500.00","$17,000.00"
,Google,,,,,,,,,,,,,,,,,,$0.00,"$5,400.00",,,"$4,500.00","$35,000.00","$30,000.00"
,LinkedIn,,,,,,,,,,,,,,,"$3,000.00","$1,500.00",$0.00,$0.00,$0.00,$0.00,,$0.00,$0.00,$0.00
,Total,,,,,,,,,,,,,,,"$56,000.00","$25,000.00","$176,000.00","$147,054.00","$163,000.00",$0.00,,"$80,688.00","$146,224.00","$138,000.00"
,,,,,,,,,,,,,,,,,,,,,,,,,
,,Channel Spend $NZD - Actual,,,,,,,,,,,,,,,,,,,,,,,
,Channel,September 2024,October 2024,November 2024,December 2024,January 2025,February 2025,March 2025,April 2025,May 2025,June 2025,July 2025,August 2025,September 2025,October 2025,November 2025,December 2025,January 2026,February 2026,March 2026,April 2026,May 2026,June 2026,July 2026,August 2026
,TikTok,$0.00,$0.00,$0.00,$0.00,"$1,829.87","$3,545.18",$984.60,$0.00,$0.00,$0.00,$0.00,$250.30,"$1,485.16","$1,766.26","$5,547.48","$9,018.35","$24,662.53","$11,363.88","$10,666.00","$3,269.45","$1,401.80",$0.00,"$5,000.00",$0.00
,YouTube,$0.00,$0.00,$0.00,$195.10,"$10,504.30","$17,511.58","$2,200.30","$1,172.85","$1,783.10","$3,969.57","$4,945.56","$4,486.15","$5,084.05","$1,043.02","$4,025.53","$6,765.78","$22,792.81","$15,322.54","$22,910.97","$8,159.36","$6,727.77","$6,225.00","$6,678.00","$5,368.19"
,Meta,"$4,146.66","$4,969.01","$5,534.83","$6,989.19","$7,942.16","$12,248.74","$15,825.70","$13,456.95","$11,789.77","$12,226.15","$19,155.64","$9,344.08","$17,035.04","$25,688.82","$27,229.15","$18,635.82","$39,077.90","$40,723.67","$58,449.26","$22,425.01","$39,526.12","$42,877.00","$58,894.00","$45,448.56"
,Reddit,$0.00,$0.00,$0.00,$430.35,"$3,195.45","$2,740.96","$1,188.74",$7.17,"$2,596.75","$5,223.02","$3,287.47","$9,580.04","$13,130.48","$13,077.17","$16,467.96","$7,088.81","$15,720.46","$27,341.22","$28,109.90","$5,529.45","$12,062.35","$10,500.00","$21,591.00","$7,213.00"
,Spotify,$0.00,$0.00,$0.00,$0.00,$0.00,$0.00,$0.00,$0.00,$0.00,$0.00,$0.00,$0.00,$0.00,$0.00,$0.00,$0.00,$0.00,$0.00,$0.00,$0.00,$0.00,$0.00,$0.00,$0.00
,Stackadapt,$0.00,$0.00,$0.00,$800.28,"$8,098.73","$7,742.42","$3,393.24","$1,757.92",$0.00,$0.00,$0.00,$0.00,$0.00,$0.00,$0.00,$0.00,$0.00,"$44,001.36","$58,410.28","$9,001.24","$10,501.54","$15,000.00","$14,769.00","$4,911.00"
,Google,"$4,440.84","$5,002.37","$4,798.34","$5,243.42","$5,493.80","$5,534.47","$5,143.09","$1,543.95",$606.38,$0.00,$827.02,"$4,511.13",$0.00,$0.00,$0.00,$0.00,$0.00,$0.00,$0.00,"$3,128.91","$1,408.81","$3,255.00","$23,510.00","$17,356.49"
,LinkedIn,$0.00,$0.00,$0.00,$0.00,$0.00,$0.00,$0.00,$0.00,$0.00,$0.00,$0.00,$0.00,$0.00,$0.00,$0.00,$0.00,$0.00,$0.00,$0.00,$0.00,$0.00,$0.00,$0.00,$0.00
,Total,"$8,587.50","$9,971.38","$10,333.17","$13,658.34","$37,064.31","$49,323.35","$28,735.67","$17,938.84","$16,776.00","$21,418.74","$28,215.69","$28,171.70","$36,734.73","$41,575.27","$53,270.12","$41,508.76","$102,253.70","$138,752.67","$178,546.41","$51,513.42","$71,628.39","$77,857.00","$130,442.00","$80,297.24"
,,,,,,,,,,,,,,,,,,,,,,,,,
,,KiwiSaver Conversions,,,,,,,,,,,,,,,,,,,,,,,
,Channel,September 2024,October 2024,November 2024,December 2024,January 2025,February 2025,March 2025,April 2025,May 2025,June 2025,July 2025,August 2025,September 2025,October 2025,November 2025,December 2025,January 2026,February 2026,March 2026,April 2026,May 2026,June 2026,July 2026,August 2026
,TikTok,0,0,0,0,0,0,0,0,0,0,0,0,0,18,80,65,130,58,51,17,11,0,14,0
,YouTube,0,0,0,0,0,0,0,0,0,0,0,0,0,0,1,0,0,0,1,0,0,0,0,0
,Meta,12,23,47,66,67,111,96,58,227,153,282,197,343,660,446,242,692,460,512,278,848,824,621,511
,Reddit,0,0,0,6,19,15,33,0,54,111,143,208,195,317,180,147,328,258,227,601,601,226,331,125
,Google,0,4,5,1,6,0,2,0,0,0,0,0,0,0,0,0,0,0,0,0,0,0,22,7
,Stackadapt,0,0,0,0,0,0,0,0,0,0,0,0,0,0,0,0,0,485,667,159,444,390,341,26
,Total,12,27,52,73,92,126,131,58,281,264,425,405,538,995,707,454,"1,150","1,261","1,458","1,055","1,904","1,440","1,329",669
,,,,,,,,,,,,,,,,,,,,,,,,,
,,KiwiSaver CPA $NZD - attributed,,,,,,,,,,,,,,,,,,,,,,,
,Channel,September 2024,October 2024,November 2024,December 2024,January 2025,February 2025,March 2025,April 2025,May 2025,June 2025,July 2025,August 2025,September 2025,October 2025,November 2025,December 2025,January 2026,February 2026,March 2026,April 2026,May 2026,June 2026,July 2026,August 2026
,TikTok,,,,,,,,,,,,,,,,,,,,,,,,
,YouTube,,,,,,,,,,,,,,,,,,,"$7,474.32",,,,,
,Meta,,,,,,,,,,,,$25.51,$45.29,$31.45,$42.57,$57.88,$24.18,$26.85,$34.36,$21.25,$9.43,$21.44,$53.72,$44.81
,Reddit,,,,,,,,,,,,,,,,,,,,,,,,
,Google,,,,,,,,,,,,,,,,,,,,,,,$755.29,"$1,630.75"
,Stackadapt,,,,,,,,,,,,,,,,,,,,,,,,
,Total,,,,,,,,,,,,$25.51,$45.29,$31.45,$42.57,$63.31,$34.41,$42.50,$48.86,$28.40,$11.59,$23.83,$80.67,$69.18
,,,,,,,,,,,,,,,,,,,,,,,,,
,,KiwiSaver attributed spend $NZD,,,,,,,,,,,,,,,,,,,,,,,
,Channel,September 2024,October 2024,November 2024,December 2024,January 2025,February 2025,March 2025,April 2025,May 2025,June 2025,July 2025,August 2025,September 2025,October 2025,November 2025,December 2025,January 2026,February 2026,March 2026,April 2026,May 2026,June 2026,July 2026,August 2026
,TikTok,,,,,,,,,,,,,,,,,,,,,,,,
,YouTube,,,,,,,,,,,,,,,,"$1,313.05","$7,077.37","$7,201.77","$7,474.32","$1,987.50","$1,829.97","$1,967.96","$1,891.64","$1,520.78"
,Meta,,,,,,,,,,,,"$5,026.42","$15,534.55","$20,754.03","$18,986.04","$14,007.09","$16,732.25","$12,349.52","$17,591.64","$5,908.39","$7,998.42","$17,665.52","$33,360.78","$22,900.24"
,Reddit,,,,,,,,,,,,,,,,,,,,,,,,
,Google,,,,,,,,,,,,,,,,,,,,,,,"$16,616.37","$11,415.23"
,Stackadapt,,,,,,,,,,,,,,,,,,,,,,,,
,Total,,,,,,,,,,,,"$5,026.42","$15,534.55","$20,754.03","$18,986.04","$15,320.14","$23,809.62","$19,551.29","$25,065.96","$7,895.89","$9,828.39","$19,633.48","$51,868.79","$35,836.25"
,,,,,,,,,,,,,,,,,,,,,,,,,
,,KiwiSaver CPA $NZD - LEGACY (all channel spend / product convs),,,,,,,,,,,,,,,,,,,,,,,
,Channel,September 2024,October 2024,November 2024,December 2024,January 2025,February 2025,March 2025,April 2025,May 2025,June 2025,July 2025,August 2025,September 2025,October 2025,November 2025,December 2025,January 2026,February 2026,March 2026,April 2026,May 2026,June 2026,July 2026,August 2026
,TikTok,,,,,,,,,,,,,,$98.13,$69.34,$138.74,$189.71,$195.93,$209.14,$192.32,$127.44,,$357.14,
,YouTube,,,,,,,,,,,,,,,"$4,025.53",,,,"$22,910.97",,,,,
,Meta,$345.56,$216.04,$117.76,$105.90,$118.54,$110.35,$164.85,$232.02,$51.94,$79.91,$67.93,$47.43,$49.66,$38.92,$61.05,$77.01,$56.47,$88.53,$114.16,$80.67,$46.61,$52.04,$94.84,$88.94
,Reddit,,,,$71.73,$168.18,$182.73,$36.02,,$48.09,$47.05,$22.99,$46.06,$67.34,$41.25,$91.49,$48.22,$47.93,$105.97,$123.83,$9.20,$20.07,$46.46,$65.23,$57.70
,Google,,"$1,250.59",$959.67,"$5,243.42",$915.63,,"$2,571.55",,,,,,,,,,,,,,,,"$1,068.64","$2,479.50"
,Stackadapt,,,,,,,,,,,,,,,,,,$90.72,$87.57,$56.61,$23.65,$38.46,$43.31,$188.88
,Total,$715.62,$369.31,$198.71,$187.10,$402.87,$391.46,$219.36,$309.29,$59.70,$81.13,$66.39,$69.56,$68.28,$41.78,$75.35,$91.43,$88.92,$110.03,$122.46,$48.83,$37.62,$54.07,$98.15,$120.03
,,,,,,,,,,,,,,,,,,,,,,,,,
,,Crypto Conversions,,,,,,,,,,,,,,,,,,,,,,,
,Channel,September 2024,October 2024,November 2024,December 2024,January 2025,February 2025,March 2025,April 2025,May 2025,June 2025,July 2025,August 2025,September 2025,October 2025,November 2025,December 2025,January 2026,February 2026,March 2026,April 2026,May 2026,June 2026,July 2026,August 2026
,TikTok,,,,,,,,,,,,,,73,397,320,671,334,267,54,44,0,0,0
,YouTube,,,,,,,,,,,,,,0,0,0,0,0,0,0,0,0,0,0
,Meta,,,,,,,,,,,,,,"1,367","3,906","1,970","5,025","4,150","3,145","1,289","1,832","1,397","1,103",904
,Reddit,,,,,,,,,,,,,,"1,757","2,138","1,075","2,067","1,931","1,198",475,"1,004",589,698,323
,Google,,,,,,,,,,,,,,0,0,0,0,0,0,0,0,0,0,3
,Stackadapt,,,,,,,,,,,,,,0,0,0,0,0,0,713,136,128,143,69
,Total,,,,,,,,,,,,,,"3,197","6,441","3,365","7,763","6,415","4,610","2,531","3,016","2,114","1,944","1,299"
,,,,,,,,,,,,,,,,,,,,,,,,,
,,Crypto CPA $NZD - attributed,,,,,,,,,,,,,,,,,,,,,,,
,Channel,September 2024,October 2024,November 2024,December 2024,January 2025,February 2025,March 2025,April 2025,May 2025,June 2025,July 2025,August 2025,September 2025,October 2025,November 2025,December 2025,January 2026,February 2026,March 2026,April 2026,May 2026,June 2026,July 2026,August 2026
,TikTok,,,,,,,,,,,,,,,,,,,,,,,,
,YouTube,,,,,,,,,,,,,,,,,,,,,,,,
,Meta,,,,,,,,,,,,,,$2.69,$1.16,$2.35,$3.66,$4.35,$6.16,$2.69,$1.96,$2.03,$2.10,$1.57
,Reddit,,,,,,,,,,,,,,,,,,,,,,,,
,Google,,,,,,,,,,,,,,,,,,,,,,,,
,Stackadapt,,,,,,,,,,,,,,,,,,,,,,,,
,Total,,,,,,,,,,,,,,$2.69,$1.16,$2.79,$4.60,$5.53,$7.74,$4.24,$2.60,$2.22,$2.96,$2.41
,,,,,,,,,,,,,,,,,,,,,,,,,
,,Crypto attributed spend $NZD,,,,,,,,,,,,,,,,,,,,,,,
,Channel,September 2024,October 2024,November 2024,December 2024,January 2025,February 2025,March 2025,April 2025,May 2025,June 2025,July 2025,August 2025,September 2025,October 2025,November 2025,December 2025,January 2026,February 2026,March 2026,April 2026,May 2026,June 2026,July 2026,August 2026
,TikTok,,,,,,,,,,,,,,,,,,,,,,,,
,YouTube,,,,,,,,,,,,,,,,$876.33,"$4,718.15","$4,880.15","$4,968.78","$1,998.17","$1,182.66",$263.77,$945.75,$760.24
,Meta,,,,,,,,,,,,,,"$3,680.71","$4,514.48","$4,628.73","$18,379.32","$18,073.17","$19,376.55","$3,472.03","$3,584.64","$2,838.65","$2,317.96","$1,422.79"
,Reddit,,,,,,,,,,,,,,,,,,,,,,,,
,Google,,,,,,,,,,,,,,,,,,,,,,,,
,Stackadapt,,,,,,,,,,,,,,,,,,,,,,,,
,Total,,,,,,,,,,,,,,"$3,680.71","$4,514.48","$5,505.06","$23,097.47","$22,953.32","$24,345.33","$5,470.20","$4,767.30","$3,102.42","$3,263.71","$2,183.03"
,,,,,,,,,,,,,,,,,,,,,,,,,
,,Crypto CPA $NZD - LEGACY (all channel spend / product convs),,,,,,,,,,,,,,,,,,,,,,,
,Channel,September 2024,October 2024,November 2024,December 2024,January 2025,February 2025,March 2025,April 2025,May 2025,June 2025,July 2025,August 2025,September 2025,October 2025,November 2025,December 2025,January 2026,February 2026,March 2026,April 2026,May 2026,June 2026,July 2026,August 2026
,TikTok,,,,,,,,,,,,,,$24.20,$13.97,$28.18,$36.75,$34.02,$39.95,$60.55,$31.86,,,
,YouTube,,,,,,,,,,,,,,,,,,,,,,,,
,Meta,,,,,,,,,,,,,,$18.79,$6.97,$9.46,$7.78,$9.81,$18.58,$17.40,$21.58,$30.69,$53.39,$50.27
,Reddit,,,,,,,,,,,,,,$7.44,$7.70,$6.59,$7.61,$14.16,$23.46,$11.64,$12.01,$17.83,$30.93,$22.33
,Google,,,,,,,,,,,,,,,,,,,,,,,,"$5,785.50"
,Stackadapt,,,,,,,,,,,,,,,,,,,,$12.62,$77.22,$117.19,$103.28,$71.17
,Total,,,,,,,,,,,,,,$13.00,$8.27,$12.34,$13.17,$21.63,$38.73,$20.35,$23.75,$36.83,$67.10,$61.81
,,,,,,,,,,,,,,,,,,,,,,,,,
,,Spend Conversions,,,,,,,,,,,,,,,,,,,,,,,
,Channel,September 2024,October 2024,November 2024,December 2024,January 2025,February 2025,March 2025,April 2025,May 2025,June 2025,July 2025,August 2025,September 2025,October 2025,November 2025,December 2025,January 2026,February 2026,March 2026,April 2026,May 2026,June 2026,July 2026,August 2026
,TikTok,,,,,,,,,,,,,,,,,,,0,0,0,0,0,0
,YouTube,,,,,,,,,,,,,,,,,,,0,0,0,0,0,0
,Meta,,,,,,,,,,,,,,,,,,,89,472,"1,505","1,000",774,487
,Reddit,,,,,,,,,,,,,,,,,,,0,209,717,399,409,145
,Google,,,,,,,,,,,,,,,,,,,0,0,0,10,11,3
,Stackadapt,,,,,,,,,,,,,,,,,,,0,0,0,0,0,0
,Total,,,,,,,,,,,,,,,,,,,89,681,"2,222","1,409","1,194",635
,,,,,,,,,,,,,,,,,,,,,,,,,
,,Spend CPA $NZD - attributed,,,,,,,,,,,,,,,,,,,,,,,
,Channel,September 2024,October 2024,November 2024,December 2024,January 2025,February 2025,March 2025,April 2025,May 2025,June 2025,July 2025,August 2025,September 2025,October 2025,November 2025,December 2025,January 2026,February 2026,March 2026,April 2026,May 2026,June 2026,July 2026,August 2026
,TikTok,,,,,,,,,,,,,,,,,,,,,,,,
,YouTube,,,,,,,,,,,,,,,,,,,,,,,,
,Meta,,,,,,,,,,,,,,,,,,,$26.15,$7.06,$6.45,$6.74,$6.86,$5.83
,Reddit,,,,,,,,,,,,,,,,,,,,,,,,
,Google,,,,,,,,,,,,,,,,,,,,,,$188.49,$178.10,$299.80
,Stackadapt,,,,,,,,,,,,,,,,,,,,,,,,
,Total,,,,,,,,,,,,,,,,,,,$26.15,$7.06,$7.07,$8.54,$9.26,$7.63
,,,,,,,,,,,,,,,,,,,,,,,,,
,,Spend attributed spend $NZD,,,,,,,,,,,,,,,,,,,,,,,
,Channel,September 2024,October 2024,November 2024,December 2024,January 2025,February 2025,March 2025,April 2025,May 2025,June 2025,July 2025,August 2025,September 2025,October 2025,November 2025,December 2025,January 2026,February 2026,March 2026,April 2026,May 2026,June 2026,July 2026,August 2026
,TikTok,,,,,,,,,,,,,,,,,,,,,,,,
,YouTube,,,,,,,,,,,,,,,,,,,,,,,,
,Meta,,,,,,,,,,,,,,$824.73,$308.05,,,,"$2,327.20","$3,332.08","$9,709.03","$6,744.85","$5,307.83","$2,837.21"
,Reddit,,,,,,,,,,,,,,,,,,,,,,,,
,Google,,,,,,,,,,,,,,,,,,,,,$924.05,"$1,884.88","$1,959.09",$899.41
,Stackadapt,,,,,,,,,,,,,,,,,,,,,,,,
,Total,,,,,,,,,,,,,,$824.73,$308.05,,,,"$2,327.20","$3,332.08","$10,633.08","$8,629.73","$7,266.92","$3,736.62"
,,,,,,,,,,,,,,,,,,,,,,,,,
,,Spend CPA $NZD - LEGACY (all channel spend / product convs),,,,,,,,,,,,,,,,,,,,,,,
,Channel,September 2024,October 2024,November 2024,December 2024,January 2025,February 2025,March 2025,April 2025,May 2025,June 2025,July 2025,August 2025,September 2025,October 2025,November 2025,December 2025,January 2026,February 2026,March 2026,April 2026,May 2026,June 2026,July 2026,August 2026
,TikTok,,,,,,,,,,,,,,,,,,,,,,,,
,YouTube,,,,,,,,,,,,,,,,,,,,,,,,
,Meta,,,,,,,,,,,,,,,,,,,$656.73,$47.51,$26.26,$42.88,$76.09,$93.32
,Reddit,,,,,,,,,,,,,,,,,,,,$26.46,$16.82,$26.32,$52.79,$49.74
,Google,,,,,,,,,,,,,,,,,,,,,,$325.50,"$2,137.27","$5,785.50"
,Stackadapt,,,,,,,,,,,,,,,,,,,,,,,,
,Total,,,,,,,,,,,,,,,,,,,"$2,006.14",$75.64,$32.24,$55.26,$109.25,$126.45
,,,,,,,,,,,,,,,,,,,,,,,,,
,,Subscription (Plan Started) Conversions,,,,,,,,,,,,,,,,,,,,,,,
,Channel,September 2024,October 2024,November 2024,December 2024,January 2025,February 2025,March 2025,April 2025,May 2025,June 2025,July 2025,August 2025,September 2025,October 2025,November 2025,December 2025,January 2026,February 2026,March 2026,April 2026,May 2026,June 2026,July 2026,August 2026
,TikTok,0,0,0,0,0,0,0,0,0,0,0,0,0,0,0,0,0,0,0,0,0,0,0,0
,YouTube,0,0,0,0,0,0,0,1,1,0,0,0,0,1,0,19,1,2,3,1,0,0,0,0
,Meta,0,0,0,0,496,752,734,629,588,620,"1,114",373,932,"1,348",944,643,"2,140","1,518","1,526","1,111","1,871","1,728","1,593","1,082"
,Reddit,0,0,0,2,44,36,80,0,352,483,683,572,"1,776","1,189",666,539,"1,150",851,771,586,"1,296",933,"1,143",366
,Google,0,1,7,3,13,11,5,4,0,0,0,0,0,0,0,0,0,0,0,0,0,0,0,2
,Stackadapt,0,0,0,0,0,0,0,0,0,0,0,0,0,0,0,0,0,902,963,0,0,0,0,0
,Total,0,1,7,5,553,799,819,634,941,"1,103","1,797",945,"2,708","2,538","1,610","1,201","3,291","3,273","3,263","1,698","3,167","2,661","2,736","1,450"
,,,,,,,,,,,,,,,,,,,,,,,,,
,,Subscription (Plan Started) CPA $NZD - attributed,,,,,,,,,,,,,,,,,,,,,,,
,Channel,September 2024,October 2024,November 2024,December 2024,January 2025,February 2025,March 2025,April 2025,May 2025,June 2025,July 2025,August 2025,September 2025,October 2025,November 2025,December 2025,January 2026,February 2026,March 2026,April 2026,May 2026,June 2026,July 2026,August 2026
,TikTok,,,,,,,,,,,,,,,,,,,,,,,,
,YouTube,,,,,,,,,,,,,,,,,,,,,,,,
,Meta,,,,,,,,,,,,,,,,,,,,,,,,
,Reddit,,,,,,,,,,,,,,,,,,,,,,,,
,Google,,,,,,,,,,,,,,,,,,,,,,,,
,Stackadapt,,,,,,,,,,,,,,,,,,,,,,,,
,Total,,,,,,,,,,,,,,,,,,,,,,,,
,,,,,,,,,,,,,,,,,,,,,,,,,
,,Subscription (Plan Started) attributed spend $NZD,,,,,,,,,,,,,,,,,,,,,,,
,Channel,September 2024,October 2024,November 2024,December 2024,January 2025,February 2025,March 2025,April 2025,May 2025,June 2025,July 2025,August 2025,September 2025,October 2025,November 2025,December 2025,January 2026,February 2026,March 2026,April 2026,May 2026,June 2026,July 2026,August 2026
,TikTok,,,,,,,,,,,,,,,,,,,,,,,,
,YouTube,,,,,,,,,,,,,,,,,,,,,,,,
,Meta,,,,,,,,,,,,,,,,,,,,,,,,
,Reddit,,,,,,,,,,,,,,,,,,,,,,,,
,Google,,,,,,,,,,,,,,,,,,,,,,,,
,Stackadapt,,,,,,,,,,,,,,,,,,,,,,,,
,Total,,,,,,,,,,,,,,,,,,,,,,,,
,,,,,,,,,,,,,,,,,,,,,,,,,
,,Subscription (Plan Started) CPA $NZD - LEGACY (all channel spend / product convs),,,,,,,,,,,,,,,,,,,,,,,
,Channel,September 2024,October 2024,November 2024,December 2024,January 2025,February 2025,March 2025,April 2025,May 2025,June 2025,July 2025,August 2025,September 2025,October 2025,November 2025,December 2025,January 2026,February 2026,March 2026,April 2026,May 2026,June 2026,July 2026,August 2026
,TikTok,,,,,,,,,,,,,,,,,,,,,,,,
,YouTube,,,,,,,,"$1,172.85","$1,783.10",,,,,"$1,043.02",,$356.09,"$22,792.81","$7,661.27","$7,636.99","$8,159.36",,,,
,Meta,,,,,$16.01,$16.29,$21.56,$21.39,$20.05,$19.72,$17.20,$25.05,$18.28,$19.06,$28.84,$28.98,$18.26,$26.83,$38.30,$20.18,$21.13,$24.81,$36.97,$42.00
,Reddit,,,,$215.18,$72.62,$76.14,$14.86,,$7.38,$10.81,$4.81,$16.75,$7.39,$11.00,$24.73,$13.15,$13.67,$32.13,$36.46,$9.44,$9.31,$11.25,$18.89,$19.71
,Google,,"$5,002.37",$685.48,"$1,747.81",$422.60,$503.13,"$1,028.62",$385.99,,,,,,,,,,,,,,,,"$8,678.25"
,Stackadapt,,,,,,,,,,,,,,,,,,$48.78,$60.65,,,,,
,Total,,"$9,971.38","$1,476.17","$2,731.67",$67.02,$61.73,$35.09,$28.29,$17.83,$19.42,$15.70,$29.81,$13.57,$16.38,$33.09,$34.56,$31.07,$42.39,$54.72,$30.34,$22.62,$29.26,$47.68,$55.38
,,,,,,,,,,,,,,,,,,,,,,,,,
,,Insure (Quote) Conversions,,,,,,,,,,,,,,,,,,,,,,,
,Channel,September 2024,October 2024,November 2024,December 2024,January 2025,February 2025,March 2025,April 2025,May 2025,June 2025,July 2025,August 2025,September 2025,October 2025,November 2025,December 2025,January 2026,February 2026,March 2026,April 2026,May 2026,June 2026,July 2026,August 2026
,TikTok,0,0,0,0,0,0,0,0,0,0,0,0,0,0,0,0,0,0,0,0,0,0,0,0
,YouTube,0,0,0,0,0,0,0,0,0,0,0,2,0,0,0,0,0,0,,0,0,0,0,0
,Meta,0,0,0,0,0,42,494,351,295,313,"1,169",453,469,693,565,297,702,493,577,602,627,393,390,443
,Reddit,0,0,0,1,19,30,48,0,130,367,423,391,664,439,331,178,295,252,222,200,283,141,216,113
,Google,0,0,0,5,18,45,15,2,0,0,5,2,0,0,0,0,0,0,0,0,0,0,0,2
,Stackadapt,0,0,0,0,0,0,0,0,0,0,0,0,0,0,0,0,0,883,733,125,201,107,161,82
,Total,0,0,0,6,37,117,557,353,425,680,"1,597",848,"1,133","1,132",896,475,997,"1,628","1,532",927,"1,111",641,767,640
,,,,,,,,,,,,,,,,,,,,,,,,,
,,Insure (Quote) CPA $NZD - attributed,,,,,,,,,,,,,,,,,,,,,,,
,Channel,September 2024,October 2024,November 2024,December 2024,January 2025,February 2025,March 2025,April 2025,May 2025,June 2025,July 2025,August 2025,September 2025,October 2025,November 2025,December 2025,January 2026,February 2026,March 2026,April 2026,May 2026,June 2026,July 2026,August 2026
,TikTok,,,,,,,,,,,,,,,,,,,,,,,,
,YouTube,,,,,,,,,,,,,,,,,,,,,,,,
,Meta,,,,,,,,,,,,$8.16,$0.08,,,,,,,$7.50,$4.83,$7.42,$7.42,$7.31
,Reddit,,,,,,,,,,,,,,,,,,,,,,,,
,Google,,,,,,,,,,,,"$2,230.95",,,,,,,,,,,,
,Stackadapt,,,,,,,,,,,,,,,,,,,,,,,,
,Total,,,,,,,,,,,,$17.93,$0.08,,,,,,,$7.50,$4.83,$7.42,$7.42,$7.31
,,,,,,,,,,,,,,,,,,,,,,,,,
,,Insure (Quote) attributed spend $NZD,,,,,,,,,,,,,,,,,,,,,,,
,Channel,September 2024,October 2024,November 2024,December 2024,January 2025,February 2025,March 2025,April 2025,May 2025,June 2025,July 2025,August 2025,September 2025,October 2025,November 2025,December 2025,January 2026,February 2026,March 2026,April 2026,May 2026,June 2026,July 2026,August 2026
,TikTok,,,,,,,,,,,,,,,,,,,,,,,,
,YouTube,,,,,,,,,,,,,,,,,,,,,,,,
,Meta,,,,,,,,,,,,"$3,696.99",$39.08,,,,,,,"$4,512.49","$3,028.28","$2,916.28","$2,893.94","$3,238.09"
,Reddit,,,,,,,,,,,,,,,,,,,,,,,,
,Google,,,,,,,,,,,,"$4,461.91",,,,,,,,,,,,
,Stackadapt,,,,,,,,,,,,,,,,,,,,,,,,
,Total,,,,,,,,,,,,"$8,158.90",$39.08,,,,,,,"$4,512.49","$3,028.28","$2,916.28","$2,893.94","$3,238.09"
,,,,,,,,,,,,,,,,,,,,,,,,,
,,Insure (Quote) CPA $NZD - LEGACY (all channel spend / product convs),,,,,,,,,,,,,,,,,,,,,,,
,Channel,September 2024,October 2024,November 2024,December 2024,January 2025,February 2025,March 2025,April 2025,May 2025,June 2025,July 2025,August 2025,September 2025,October 2025,November 2025,December 2025,January 2026,February 2026,March 2026,April 2026,May 2026,June 2026,July 2026,August 2026
,TikTok,,,,,,,,,,,,,,,,,,,,,,,,
,YouTube,,,,,,,,,,,,"$2,243.07",,,,,,,,,,,,
,Meta,,,,,,$291.64,$32.04,$38.34,$39.97,$39.06,$16.39,$20.63,$36.32,$37.07,$48.19,$62.75,$55.67,$82.60,$101.30,$37.25,$63.04,$109.10,$151.01,$102.59
,Reddit,,,,$430.35,$168.18,$91.37,$24.77,,$19.98,$14.23,$7.77,$24.50,$19.77,$29.79,$49.75,$39.82,$53.29,$108.50,$126.62,$27.65,$42.62,$74.47,$99.96,$63.83
,Google,,,,"$1,048.68",$305.21,$122.99,$342.87,$771.98,,,$165.40,"$2,255.57",,,,,,,,,,,,"$8,678.25"
,Stackadapt,,,,,,,,,,,,,,,,,,$49.83,$79.69,$72.01,$52.25,$140.19,$91.73,$59.89
,Total,,,,"$2,276.39","$1,001.74",$421.57,$51.59,$50.82,$39.47,$31.50,$17.67,$33.22,$32.42,$36.73,$59.45,$87.39,$102.56,$85.23,$116.54,$55.57,$64.47,$121.46,$170.07,$125.46
,,,,,,,,,,,,,,,,,,,,,,,,,
,,Save Conversions,,,,,,,,,,,,,,,,,,,,,,,
,Channel,September 2024,October 2024,November 2024,December 2024,January 2025,February 2025,March 2025,April 2025,May 2025,June 2025,July 2025,August 2025,September 2025,October 2025,November 2025,December 2025,January 2026,February 2026,March 2026,April 2026,May 2026,June 2026,July 2026,August 2026
,Meta,0,0,0,133,442,458,525,393,354,325,530,175,455,747,674,436,"1,056",834,802,737,"1,152","1,499","1,639",932
,Reddit,0,0,0,0,0,0,0,0,0,0,0,12,213,251,374,260,522,515,379,337,740,692,972,282
,Stackadapt,,,,,,,,,,,,,,,,,,"1,461","1,332",,0,382,678,206
,Google,,,,,,,,,,,,,,,,,,,,,,34,22,9
,Total,0,0,0,133,442,458,525,393,354,325,530,187,668,998,"1,048",696,"1,578","2,810","2,513","1,074","1,892","2,607","3,311","1,429"
,,,,,,,,,,,,,,,,,,,,,,,,,
,,Save CPA $NZD - attributed,,,,,,,,,,,,,,,,,,,,,,,
,Channel,September 2024,October 2024,November 2024,December 2024,January 2025,February 2025,March 2025,April 2025,May 2025,June 2025,July 2025,August 2025,September 2025,October 2025,November 2025,December 2025,January 2026,February 2026,March 2026,April 2026,May 2026,June 2026,July 2026,August 2026
,Meta,,,,,,,,,,,,,,$0.44,$4.97,,,,,,$2.11,$4.88,$5.90,$7.98
,Reddit,,,,,,,,,,,,,,,,,,,,,,,,
,Stackadapt,,,,,,,,,,,,,,,,,,,,,,,,
,Google,,,,,,,,,,,,,,,,,,,,,,$28.30,$134.56,$198.99
,Total,,,,,,,,,,,,,,$0.44,$4.97,,,,,,$2.11,$5.40,$7.60,$9.80
,,,,,,,,,,,,,,,,,,,,,,,,,
,,Save attributed spend $NZD,,,,,,,,,,,,,,,,,,,,,,,
,Channel,September 2024,October 2024,November 2024,December 2024,January 2025,February 2025,March 2025,April 2025,May 2025,June 2025,July 2025,August 2025,September 2025,October 2025,November 2025,December 2025,January 2026,February 2026,March 2026,April 2026,May 2026,June 2026,July 2026,August 2026
,Meta,,,,,,,,,,,,,,$331.09,"$3,352.87",,,,,,"$2,432.98","$7,317.19","$9,669.09","$7,434.63"
,Reddit,,,,,,,,,,,,,,,,,,,,,,,,
,Stackadapt,,,,,,,,,,,,,,,,,,,,,,,,
,Google,,,,,,,,,,,,,,,,,,,,,,$962.35,"$2,960.27","$1,790.92"
,Total,,,,,,,,,,,,,,$331.09,"$3,352.87",,,,,,"$2,432.98","$8,279.54","$12,629.36","$9,225.55"
,,,,,,,,,,,,,,,,,,,,,,,,,
,,Save CPA $NZD - LEGACY (all channel spend / product convs),,,,,,,,,,,,,,,,,,,,,,,
,Channel,September 2024,October 2024,November 2024,December 2024,January 2025,February 2025,March 2025,April 2025,May 2025,June 2025,July 2025,August 2025,September 2025,October 2025,November 2025,December 2025,January 2026,February 2026,March 2026,April 2026,May 2026,June 2026,July 2026,August 2026
,Meta,,,,$52.55,$17.97,$26.74,$30.14,$34.24,$33.30,$37.62,$36.14,$53.39,$37.44,$34.39,$40.40,$42.74,$37.01,$48.83,$72.88,$30.43,$34.31,$28.60,$35.93,$48.76
,Reddit,,,,,,,,,,,,$798.34,$61.65,$52.10,$44.03,$27.26,$30.12,$53.09,$74.17,$16.41,$16.30,$15.17,$22.21,$25.58
,Stackadapt,,,,,,,,,,,,,,,,,,$30.12,$43.85,,,$39.27,$21.78,$23.84
,Google,,,,,,,,,,,,,,,,,,,,,,$95.74,"$1,068.64","$1,928.50"
,Total,,,,$102.69,$83.86,$107.69,$54.73,$45.65,$47.39,$65.90,$53.24,$150.65,$54.99,$41.66,$50.83,$59.64,$64.80,$49.38,$71.05,$47.96,$37.86,$29.86,$39.40,$56.19
,,,,,,,,,,,,,,,,,,,,,,,,,
,,Insure (Payment) Conversions,,,,,,,,,,,,,,,,,,,,,,,
,Channel,September 2024,October 2024,November 2024,December 2024,January 2025,February 2025,March 2025,April 2025,May 2025,June 2025,July 2025,August 2025,September 2025,October 2025,November 2025,December 2025,January 2026,February 2026,March 2026,April 2026,May 2026,June 2026,July 2026,August 2026
,TikTok,0,0,0,0,0,0,0,0,0,0,0,0,0,0,0,0,0,0,0,0,0,0,0,0
,YouTube,0,0,0,0,0,0,0,0,0,0,0,0,0,0,0,0,0,0,0,0,0,0,0,0
,Meta,0,0,1,2,4,5,6,0,4,7,9,11,8,2,15,16,56,37,33,21,47,58,59,34
,Reddit,0,0,0,0,0,0,0,0,0,0,1,2,2,0,17,24,33,23,22,24,40,40,44,12
,Google,0,0,0,0,0,0,0,0,0,0,0,0,0,0,0,0,0,0,0,0,0,0,0,0
,Stackadapt,0,0,0,0,0,0,0,0,0,0,0,0,0,0,0,0,0,0,0,0,0,0,0,0
,Total,0,0,1,2,4,5,6,0,4,7,10,13,10,2,32,40,89,60,55,45,87,98,103,46
,,,,,,,,,,,,,,,,,,,,,,,,,
,,Insure (Payment) CPA $NZD - attributed,,,,,,,,,,,,,,,,,,,,,,,
,Channel,September 2024,October 2024,November 2024,December 2024,January 2025,February 2025,March 2025,April 2025,May 2025,June 2025,July 2025,August 2025,September 2025,October 2025,November 2025,December 2025,January 2026,February 2026,March 2026,April 2026,May 2026,June 2026,July 2026,August 2026
,TikTok,,,,,,,,,,,,,,,,,,,,,,,,
,YouTube,,,,,,,,,,,,,,,,,,,,,,,,
,Meta,,,,,,,,,,,,$336.09,$4.88,,,,,,,$214.88,$64.43,$50.28,$49.05,$95.24
,Reddit,,,,,,,,,,,,,,,,,,,,,,,,
,Google,,,,,,,,,,,,,,,,,,,,,,,,
,Stackadapt,,,,,,,,,,,,,,,,,,,,,,,,
,Total,,,,,,,,,,,,$741.72,$4.88,,,,,,,$214.88,$64.43,$50.28,$49.05,$95.24
,,,,,,,,,,,,,,,,,,,,,,,,,
,,Insure (Payment) attributed spend $NZD,,,,,,,,,,,,,,,,,,,,,,,
,Channel,September 2024,October 2024,November 2024,December 2024,January 2025,February 2025,March 2025,April 2025,May 2025,June 2025,July 2025,August 2025,September 2025,October 2025,November 2025,December 2025,January 2026,February 2026,March 2026,April 2026,May 2026,June 2026,July 2026,August 2026
,TikTok,,,,,,,,,,,,,,,,,,,,,,,,
,YouTube,,,,,,,,,,,,,,,,,,,,,,,,
,Meta,,,,,,,,,,,,"$3,696.99",$39.08,,,,,,,"$4,512.49","$3,028.28","$2,916.28","$2,893.94","$3,238.09"
,Reddit,,,,,,,,,,,,,,,,,,,,,,,,
,Google,,,,,,,,,,,,"$4,461.91",,,,,,,,,,,,
,Stackadapt,,,,,,,,,,,,,,,,,,,,,,,,
,Total,,,,,,,,,,,,"$8,158.90",$39.08,,,,,,,"$4,512.49","$3,028.28","$2,916.28","$2,893.94","$3,238.09"
,,,,,,,,,,,,,,,,,,,,,,,,,
,,Insure (Payment) CPA $NZD - LEGACY (all channel spend / product convs),,,,,,,,,,,,,,,,,,,,,,,
,Channel,September 2024,October 2024,November 2024,December 2024,January 2025,February 2025,March 2025,April 2025,May 2025,June 2025,July 2025,August 2025,September 2025,October 2025,November 2025,December 2025,January 2026,February 2026,March 2026,April 2026,May 2026,June 2026,July 2026,August 2026
,TikTok,,,,,,,,,,,,,,,,,,,,,,,,
,YouTube,,,,,,,,,,,,,,,,,,,,,,,,
,Meta,,,"$5,534.83","$3,494.59","$1,985.54","$2,449.75","$2,637.62",,"$2,947.44","$1,746.59","$2,128.40",$849.46,"$2,129.38","$12,844.41","$1,815.28","$1,164.74",$697.82,"$1,100.64","$1,771.19","$1,067.86",$840.98,$739.26,$998.20,"$1,336.72"
,Reddit,,,,,,,,,,,"$3,287.47","$4,790.02","$6,565.24",,$968.70,$295.37,$476.38,"$1,188.75","$1,277.72",$230.39,$301.56,$262.50,$490.70,$601.08
,Google,,,,,,,,,,,,,,,,,,,,,,,,
,Stackadapt,,,,,,,,,,,,,,,,,,,,,,,,
,Total,,,"$10,333.17","$6,829.17","$9,266.08","$9,864.67","$4,789.28",,"$4,194.00","$3,059.82","$2,821.57","$2,167.05","$3,673.47","$20,787.63","$1,664.69","$1,037.72","$1,148.92","$2,312.54","$3,246.30","$1,144.74",$823.31,$794.46,"$1,266.43","$1,745.59"
,,,,,,,,,,,,,,,,,,,,,,,,,
