month,channel,metric,doc_value
2024-09,Google,cpa_insure_payment,0.0
2024-09,Google,cpa_insure_quote,0.0
2024-09,Google,cpa_kiwisaver,0.0
2024-09,Google,cpa_subscription,0.0
2024-09,Meta,cpa_insure_payment,0.0
2024-09,Meta,cpa_insure_quote,0.0
2024-09,Meta,cpa_kiwisaver,345.56
2024-09,Meta,cpa_save,0.0
2024-09,Meta,cpa_subscription,0.0
2024-09,Reddit,cpa_insure_payment,0.0
2024-09,Reddit,cpa_insure_quote,0.0
2024-09,Reddit,cpa_kiwisaver,0.0
2024-09,Reddit,cpa_save,0.0
2024-09,Reddit,cpa_subscription,0.0
2024-09,Stackadapt,cpa_insure_payment,0.0
2024-09,Stackadapt,cpa_insure_quote,0.0
2024-09,Stackadapt,cpa_kiwisaver,0.0
2024-09,Stackadapt,cpa_subscription,0.0
2024-09,TikTok,cpa_insure_payment,0.0
2024-09,TikTok,cpa_insure_quote,0.0
2024-09,TikTok,cpa_kiwisaver,0.0
2024-09,TikTok,cpa_subscription,0.0
2024-09,YouTube,cpa_insure_payment,0.0
2024-09,YouTube,cpa_insure_quote,0.0
2024-09,YouTube,cpa_kiwisaver,0.0
2024-09,YouTube,cpa_subscription,0.0
2024-09,__TOTAL__,insure_payment,0.0
2024-09,__TOTAL__,insure_quote,0.0
2024-09,__TOTAL__,kiwisaver,12.0
2024-09,__TOTAL__,save,0.0
2024-09,__TOTAL__,subscription,0.0
2024-10,Google,cpa_insure_payment,0.0
2024-10,Google,cpa_insure_quote,0.0
2024-10,Google,cpa_kiwisaver,1250.59
2024-10,Google,cpa_subscription,5002.37
2024-10,Meta,cpa_insure_payment,0.0
2024-10,Meta,cpa_insure_quote,0.0
2024-10,Meta,cpa_kiwisaver,216.04
2024-10,Meta,cpa_save,0.0
2024-10,Meta,cpa_subscription,0.0
2024-10,Reddit,cpa_insure_payment,0.0
2024-10,Reddit,cpa_insure_quote,0.0
2024-10,Reddit,cpa_kiwisaver,0.0
2024-10,Reddit,cpa_save,0.0
2024-10,Reddit,cpa_subscription,0.0
2024-10,Stackadapt,cpa_insure_payment,0.0
2024-10,Stackadapt,cpa_insure_quote,0.0
2024-10,Stackadapt,cpa_kiwisaver,0.0
2024-10,Stackadapt,cpa_subscription,0.0
2024-10,TikTok,cpa_insure_payment,0.0
2024-10,TikTok,cpa_insure_quote,0.0
2024-10,TikTok,cpa_kiwisaver,0.0
2024-10,TikTok,cpa_subscription,0.0
2024-10,YouTube,cpa_insure_payment,0.0
2024-10,YouTube,cpa_insure_quote,0.0
2024-10,YouTube,cpa_kiwisaver,0.0
2024-10,YouTube,cpa_subscription,0.0
2024-10,__TOTAL__,insure_payment,0.0
2024-10,__TOTAL__,insure_quote,0.0
2024-10,__TOTAL__,kiwisaver,27.0
2024-10,__TOTAL__,save,0.0
2024-10,__TOTAL__,subscription,1.0
2024-11,Google,cpa_insure_payment,0.0
2024-11,Google,cpa_insure_quote,0.0
2024-11,Google,cpa_kiwisaver,959.67
2024-11,Google,cpa_subscription,685.48
2024-11,Meta,cpa_insure_payment,5534.83
2024-11,Meta,cpa_insure_quote,0.0
2024-11,Meta,cpa_kiwisaver,117.76
2024-11,Meta,cpa_save,0.0
2024-11,Meta,cpa_subscription,0.0
2024-11,Reddit,cpa_insure_payment,0.0
2024-11,Reddit,cpa_insure_quote,0.0
2024-11,Reddit,cpa_kiwisaver,0.0
2024-11,Reddit,cpa_save,0.0
2024-11,Reddit,cpa_subscription,0.0
2024-11,Stackadapt,cpa_insure_payment,0.0
2024-11,Stackadapt,cpa_insure_quote,0.0
2024-11,Stackadapt,cpa_kiwisaver,0.0
2024-11,Stackadapt,cpa_subscription,0.0
2024-11,TikTok,cpa_insure_payment,0.0
2024-11,TikTok,cpa_insure_quote,0.0
2024-11,TikTok,cpa_kiwisaver,0.0
2024-11,TikTok,cpa_subscription,0.0
2024-11,YouTube,cpa_insure_payment,0.0
2024-11,YouTube,cpa_insure_quote,0.0
2024-11,YouTube,cpa_kiwisaver,0.0
2024-11,YouTube,cpa_subscription,0.0
2024-11,__TOTAL__,insure_payment,1.0
2024-11,__TOTAL__,insure_quote,0.0
2024-11,__TOTAL__,kiwisaver,52.0
2024-11,__TOTAL__,save,0.0
2024-11,__TOTAL__,subscription,7.0
2024-12,Google,cpa_insure_payment,0.0
2024-12,Google,cpa_insure_quote,1048.68
2024-12,Google,cpa_kiwisaver,5243.42
2024-12,Google,cpa_subscription,1747.81
2024-12,Meta,cpa_insure_payment,3494.6
2024-12,Meta,cpa_insure_quote,0.0
2024-12,Meta,cpa_kiwisaver,105.9
2024-12,Meta,cpa_save,52.55
2024-12,Meta,cpa_subscription,0.0
2024-12,Reddit,cpa_insure_payment,0.0
2024-12,Reddit,cpa_insure_quote,430.35
2024-12,Reddit,cpa_kiwisaver,0.0
2024-12,Reddit,cpa_save,0.0
2024-12,Reddit,cpa_subscription,0.0
2024-12,Stackadapt,cpa_insure_payment,0.0
2024-12,Stackadapt,cpa_insure_quote,0.0
2024-12,Stackadapt,cpa_kiwisaver,0.0
2024-12,Stackadapt,cpa_subscription,0.0
2024-12,TikTok,cpa_insure_payment,0.0
2024-12,TikTok,cpa_insure_quote,0.0
2024-12,TikTok,cpa_kiwisaver,0.0
2024-12,TikTok,cpa_subscription,0.0
2024-12,YouTube,cpa_insure_payment,0.0
2024-12,YouTube,cpa_insure_quote,0.0
2024-12,YouTube,cpa_kiwisaver,0.0
2024-12,YouTube,cpa_subscription,0.0
2024-12,__TOTAL__,insure_payment,2.0
2024-12,__TOTAL__,insure_quote,6.0
2024-12,__TOTAL__,kiwisaver,68.0
2024-12,__TOTAL__,save,133.0
2024-12,__TOTAL__,subscription,5.0
2025-01,Google,cpa_insure_payment,0.0
2025-01,Google,cpa_insure_quote,305.21
2025-01,Google,cpa_kiwisaver,915.63
2025-01,Google,cpa_subscription,422.6
2025-01,Meta,cpa_insure_payment,1985.54
2025-01,Meta,cpa_insure_quote,0.0
2025-01,Meta,cpa_kiwisaver,118.54
2025-01,Meta,cpa_save,17.97
2025-01,Meta,cpa_subscription,16.01
2025-01,Reddit,cpa_insure_payment,0.0
2025-01,Reddit,cpa_insure_quote,168.18
2025-01,Reddit,cpa_kiwisaver,0.0
2025-01,Reddit,cpa_save,0.0
2025-01,Reddit,cpa_subscription,72.62
2025-01,Stackadapt,cpa_insure_payment,0.0
2025-01,Stackadapt,cpa_insure_quote,0.0
2025-01,Stackadapt,cpa_kiwisaver,0.0
2025-01,Stackadapt,cpa_subscription,0.0
2025-01,TikTok,cpa_insure_payment,0.0
2025-01,TikTok,cpa_insure_quote,0.0
2025-01,TikTok,cpa_kiwisaver,0.0
2025-01,TikTok,cpa_subscription,0.0
2025-01,YouTube,cpa_insure_payment,0.0
2025-01,YouTube,cpa_insure_quote,0.0
2025-01,YouTube,cpa_kiwisaver,0.0
2025-01,YouTube,cpa_subscription,0.0
2025-01,__TOTAL__,insure_payment,4.0
2025-01,__TOTAL__,insure_quote,37.0
2025-01,__TOTAL__,kiwisaver,92.0
2025-01,__TOTAL__,save,442.0
2025-01,__TOTAL__,subscription,553.0
2025-02,Google,cpa_insure_payment,0.0
2025-02,Google,cpa_insure_quote,122.99
2025-02,Google,cpa_kiwisaver,0.0
2025-02,Google,cpa_subscription,503.13
2025-02,Meta,cpa_insure_payment,2449.75
2025-02,Meta,cpa_insure_quote,291.64
2025-02,Meta,cpa_kiwisaver,110.35
2025-02,Meta,cpa_save,26.74
2025-02,Meta,cpa_subscription,16.29
2025-02,Reddit,cpa_insure_payment,0.0
2025-02,Reddit,cpa_insure_quote,91.37
2025-02,Reddit,cpa_kiwisaver,0.0
2025-02,Reddit,cpa_save,0.0
2025-02,Reddit,cpa_subscription,76.14
2025-02,Stackadapt,cpa_insure_payment,0.0
2025-02,Stackadapt,cpa_insure_quote,0.0
2025-02,Stackadapt,cpa_kiwisaver,0.0
2025-02,Stackadapt,cpa_subscription,0.0
2025-02,TikTok,cpa_insure_payment,0.0
2025-02,TikTok,cpa_insure_quote,0.0
2025-02,TikTok,cpa_kiwisaver,0.0
2025-02,TikTok,cpa_subscription,0.0
2025-02,YouTube,cpa_insure_payment,0.0
2025-02,YouTube,cpa_insure_quote,0.0
2025-02,YouTube,cpa_kiwisaver,0.0
2025-02,YouTube,cpa_subscription,0.0
2025-02,__TOTAL__,insure_payment,5.0
2025-02,__TOTAL__,insure_quote,117.0
2025-02,__TOTAL__,kiwisaver,126.0
2025-02,__TOTAL__,save,458.0
2025-02,__TOTAL__,subscription,799.0
2025-03,Google,cpa_insure_payment,0.0
2025-03,Google,cpa_insure_quote,342.87
2025-03,Google,cpa_kiwisaver,0.0
2025-03,Google,cpa_subscription,1028.62
2025-03,Meta,cpa_insure_payment,2637.62
2025-03,Meta,cpa_insure_quote,32.04
2025-03,Meta,cpa_kiwisaver,164.85
2025-03,Meta,cpa_save,30.14
2025-03,Meta,cpa_subscription,21.56
2025-03,Reddit,cpa_insure_payment,0.0
2025-03,Reddit,cpa_insure_quote,24.77
2025-03,Reddit,cpa_kiwisaver,0.0
2025-03,Reddit,cpa_save,0.0
2025-03,Reddit,cpa_subscription,14.86
2025-03,Stackadapt,cpa_insure_payment,0.0
2025-03,Stackadapt,cpa_insure_quote,0.0
2025-03,Stackadapt,cpa_kiwisaver,0.0
2025-03,Stackadapt,cpa_subscription,0.0
2025-03,TikTok,cpa_insure_payment,0.0
2025-03,TikTok,cpa_insure_quote,0.0
2025-03,TikTok,cpa_kiwisaver,0.0
2025-03,TikTok,cpa_subscription,0.0
2025-03,YouTube,cpa_insure_payment,0.0
2025-03,YouTube,cpa_insure_quote,0.0
2025-03,YouTube,cpa_kiwisaver,0.0
2025-03,YouTube,cpa_subscription,0.0
2025-03,__TOTAL__,insure_payment,6.0
2025-03,__TOTAL__,insure_quote,557.0
2025-03,__TOTAL__,kiwisaver,131.0
2025-03,__TOTAL__,save,525.0
2025-03,__TOTAL__,subscription,819.0
2025-04,Google,cpa_insure_payment,0.0
2025-04,Google,cpa_insure_quote,771.98
2025-04,Google,cpa_kiwisaver,0.0
2025-04,Google,cpa_subscription,385.99
2025-04,Meta,cpa_insure_payment,0.0
2025-04,Meta,cpa_insure_quote,38.34
2025-04,Meta,cpa_kiwisaver,232.02
2025-04,Meta,cpa_save,34.24
2025-04,Meta,cpa_subscription,21.39
2025-04,Reddit,cpa_insure_payment,0.0
2025-04,Reddit,cpa_insure_quote,0.0
2025-04,Reddit,cpa_kiwisaver,0.0
2025-04,Reddit,cpa_save,0.0
2025-04,Reddit,cpa_subscription,0.0
2025-04,Stackadapt,cpa_insure_payment,0.0
2025-04,Stackadapt,cpa_insure_quote,0.0
2025-04,Stackadapt,cpa_kiwisaver,0.0
2025-04,Stackadapt,cpa_subscription,0.0
2025-04,TikTok,cpa_insure_payment,0.0
2025-04,TikTok,cpa_insure_quote,0.0
2025-04,TikTok,cpa_kiwisaver,0.0
2025-04,TikTok,cpa_subscription,0.0
2025-04,YouTube,cpa_insure_payment,0.0
2025-04,YouTube,cpa_insure_quote,0.0
2025-04,YouTube,cpa_kiwisaver,0.0
2025-04,YouTube,cpa_subscription,1172.85
2025-04,__TOTAL__,insure_payment,0.0
2025-04,__TOTAL__,insure_quote,353.0
2025-04,__TOTAL__,kiwisaver,58.0
2025-04,__TOTAL__,save,393.0
2025-04,__TOTAL__,subscription,633.0
2025-05,Google,cpa_insure_payment,0.0
2025-05,Google,cpa_insure_quote,0.0
2025-05,Google,cpa_kiwisaver,0.0
2025-05,Google,cpa_subscription,0.0
2025-05,Meta,cpa_insure_payment,2947.44
2025-05,Meta,cpa_insure_quote,39.97
2025-05,Meta,cpa_kiwisaver,51.94
2025-05,Meta,cpa_save,33.3
2025-05,Meta,cpa_subscription,20.05
2025-05,Reddit,cpa_insure_payment,0.0
2025-05,Reddit,cpa_insure_quote,19.98
2025-05,Reddit,cpa_kiwisaver,48.09
2025-05,Reddit,cpa_save,0.0
2025-05,Reddit,cpa_subscription,7.38
2025-05,Stackadapt,cpa_insure_payment,0.0
2025-05,Stackadapt,cpa_insure_quote,0.0
2025-05,Stackadapt,cpa_kiwisaver,0.0
2025-05,Stackadapt,cpa_subscription,0.0
2025-05,TikTok,cpa_insure_payment,0.0
2025-05,TikTok,cpa_insure_quote,0.0
2025-05,TikTok,cpa_kiwisaver,0.0
2025-05,TikTok,cpa_subscription,0.0
2025-05,YouTube,cpa_insure_payment,0.0
2025-05,YouTube,cpa_insure_quote,0.0
2025-05,YouTube,cpa_kiwisaver,0.0
2025-05,YouTube,cpa_subscription,1783.1
2025-05,__TOTAL__,insure_payment,4.0
2025-05,__TOTAL__,insure_quote,425.0
2025-05,__TOTAL__,kiwisaver,281.0
2025-05,__TOTAL__,save,354.0
2025-05,__TOTAL__,subscription,941.0
2025-06,Google,cpa_insure_payment,0.0
2025-06,Google,cpa_insure_quote,0.0
2025-06,Google,cpa_kiwisaver,0.0
2025-06,Google,cpa_subscription,0.0
2025-06,Meta,cpa_insure_payment,1746.59
2025-06,Meta,cpa_insure_quote,39.06
2025-06,Meta,cpa_kiwisaver,79.91
2025-06,Meta,cpa_save,37.62
2025-06,Meta,cpa_subscription,19.72
2025-06,Reddit,cpa_insure_payment,0.0
2025-06,Reddit,cpa_insure_quote,14.23
2025-06,Reddit,cpa_kiwisaver,47.05
2025-06,Reddit,cpa_save,0.0
2025-06,Reddit,cpa_subscription,10.81
2025-06,Stackadapt,cpa_insure_payment,0.0
2025-06,Stackadapt,cpa_insure_quote,0.0
2025-06,Stackadapt,cpa_kiwisaver,0.0
2025-06,Stackadapt,cpa_subscription,0.0
2025-06,TikTok,cpa_insure_payment,0.0
2025-06,TikTok,cpa_insure_quote,0.0
2025-06,TikTok,cpa_kiwisaver,0.0
2025-06,TikTok,cpa_subscription,0.0
2025-06,YouTube,cpa_insure_payment,0.0
2025-06,YouTube,cpa_insure_quote,0.0
2025-06,YouTube,cpa_kiwisaver,0.0
2025-06,YouTube,cpa_subscription,0.0
2025-06,__TOTAL__,insure_payment,7.0
2025-06,__TOTAL__,insure_quote,680.0
2025-06,__TOTAL__,kiwisaver,264.0
2025-06,__TOTAL__,save,325.0
2025-06,__TOTAL__,subscription,1103.0
2025-07,Google,cpa_insure_payment,0.0
2025-07,Google,cpa_insure_quote,165.4
2025-07,Google,cpa_kiwisaver,0.0
2025-07,Google,cpa_subscription,0.0
2025-07,Meta,cpa_insure_payment,2128.4
2025-07,Meta,cpa_insure_quote,16.39
2025-07,Meta,cpa_kiwisaver,67.93
2025-07,Meta,cpa_save,36.14
2025-07,Meta,cpa_subscription,17.2
2025-07,Reddit,cpa_insure_payment,3287.47
2025-07,Reddit,cpa_insure_quote,7.77
2025-07,Reddit,cpa_kiwisaver,22.99
2025-07,Reddit,cpa_save,0.0
2025-07,Reddit,cpa_subscription,4.81
2025-07,Stackadapt,cpa_insure_payment,0.0
2025-07,Stackadapt,cpa_insure_quote,0.0
2025-07,Stackadapt,cpa_kiwisaver,0.0
2025-07,Stackadapt,cpa_subscription,0.0
2025-07,TikTok,cpa_insure_payment,0.0
2025-07,TikTok,cpa_insure_quote,0.0
2025-07,TikTok,cpa_kiwisaver,0.0
2025-07,TikTok,cpa_subscription,0.0
2025-07,YouTube,cpa_insure_payment,0.0
2025-07,YouTube,cpa_insure_quote,0.0
2025-07,YouTube,cpa_kiwisaver,0.0
2025-07,YouTube,cpa_subscription,0.0
2025-07,__TOTAL__,insure_payment,10.0
2025-07,__TOTAL__,insure_quote,1592.0
2025-07,__TOTAL__,kiwisaver,425.0
2025-07,__TOTAL__,save,530.0
2025-07,__TOTAL__,subscription,1571.0
2025-08,Google,cpa_insure_payment,0.0
2025-08,Google,cpa_insure_quote,2255.57
2025-08,Google,cpa_kiwisaver,0.0
2025-08,Google,cpa_subscription,0.0
2025-08,Meta,cpa_insure_payment,849.46
2025-08,Meta,cpa_insure_quote,20.63
2025-08,Meta,cpa_kiwisaver,47.43
2025-08,Meta,cpa_save,53.39
2025-08,Meta,cpa_subscription,25.05
2025-08,Reddit,cpa_insure_payment,4790.02
2025-08,Reddit,cpa_insure_quote,24.5
2025-08,Reddit,cpa_kiwisaver,46.06
2025-08,Reddit,cpa_save,798.34
2025-08,Reddit,cpa_subscription,16.75
2025-08,Stackadapt,cpa_insure_payment,0.0
2025-08,Stackadapt,cpa_insure_quote,0.0
2025-08,Stackadapt,cpa_kiwisaver,0.0
2025-08,Stackadapt,cpa_subscription,0.0
2025-08,TikTok,cpa_insure_payment,0.0
2025-08,TikTok,cpa_insure_quote,0.0
2025-08,TikTok,cpa_kiwisaver,0.0
2025-08,TikTok,cpa_subscription,0.0
2025-08,YouTube,cpa_insure_payment,0.0
2025-08,YouTube,cpa_insure_quote,0.0
2025-08,YouTube,cpa_kiwisaver,0.0
2025-08,YouTube,cpa_subscription,0.0
2025-08,__TOTAL__,insure_payment,13.0
2025-08,__TOTAL__,insure_quote,846.0
2025-08,__TOTAL__,kiwisaver,405.0
2025-08,__TOTAL__,save,175.0
2025-08,__TOTAL__,subscription,945.0
2025-09,Google,cpa_insure_payment,0.0
2025-09,Google,cpa_kiwisaver,0.0
2025-09,Google,cpa_subscription,0.0
2025-09,Meta,cpa_insure_payment,2129.38
2025-09,Meta,cpa_insure_quote,36.32
2025-09,Meta,cpa_kiwisaver,49.66
2025-09,Meta,cpa_save,37.44
2025-09,Meta,cpa_subscription,18.28
2025-09,Reddit,cpa_insure_payment,6565.24
2025-09,Reddit,cpa_insure_quote,19.77
2025-09,Reddit,cpa_kiwisaver,67.34
2025-09,Reddit,cpa_save,61.65
2025-09,Reddit,cpa_subscription,7.39
2025-09,Stackadapt,cpa_insure_payment,0.0
2025-09,Stackadapt,cpa_insure_quote,0.0
2025-09,Stackadapt,cpa_kiwisaver,0.0
2025-09,Stackadapt,cpa_subscription,0.0
2025-09,TikTok,cpa_insure_payment,0.0
2025-09,TikTok,cpa_insure_quote,0.0
2025-09,TikTok,cpa_kiwisaver,0.0
2025-09,TikTok,cpa_subscription,0.0
2025-09,YouTube,cpa_insure_payment,0.0
2025-09,YouTube,cpa_insure_quote,0.0
2025-09,YouTube,cpa_kiwisaver,0.0
2025-09,YouTube,cpa_subscription,0.0
2025-09,__TOTAL__,insure_payment,10.0
2025-09,__TOTAL__,insure_quote,1133.0
2025-09,__TOTAL__,kiwisaver,538.0
2025-09,__TOTAL__,save,455.0
2025-09,__TOTAL__,subscription,2708.0
2025-10,Google,cpa_crypto,0.0
2025-10,Google,cpa_insure_payment,0.0
2025-10,Google,cpa_kiwisaver,0.0
2025-10,Google,cpa_subscription,0.0
2025-10,Meta,cpa_crypto,18.79
2025-10,Meta,cpa_insure_payment,12844.41
2025-10,Meta,cpa_insure_quote,37.07
2025-10,Meta,cpa_kiwisaver,38.92
2025-10,Meta,cpa_save,34.39
2025-10,Meta,cpa_subscription,19.06
2025-10,Reddit,cpa_crypto,7.44
2025-10,Reddit,cpa_insure_payment,0.0
2025-10,Reddit,cpa_insure_quote,29.79
2025-10,Reddit,cpa_kiwisaver,41.25
2025-10,Reddit,cpa_save,52.1
2025-10,Reddit,cpa_subscription,11.0
2025-10,Stackadapt,cpa_crypto,0.0
2025-10,Stackadapt,cpa_insure_payment,0.0
2025-10,Stackadapt,cpa_insure_quote,0.0
2025-10,Stackadapt,cpa_kiwisaver,0.0
2025-10,Stackadapt,cpa_subscription,0.0
2025-10,TikTok,cpa_crypto,24.2
2025-10,TikTok,cpa_insure_payment,0.0
2025-10,TikTok,cpa_insure_quote,0.0
2025-10,TikTok,cpa_kiwisaver,98.13
2025-10,TikTok,cpa_subscription,0.0
2025-10,YouTube,cpa_crypto,0.0
2025-10,YouTube,cpa_insure_payment,0.0
2025-10,YouTube,cpa_insure_quote,0.0
2025-10,YouTube,cpa_kiwisaver,0.0
2025-10,YouTube,cpa_subscription,0.0
2025-10,__TOTAL__,crypto,3197.0
2025-10,__TOTAL__,insure_payment,2.0
2025-10,__TOTAL__,insure_quote,1132.0
2025-10,__TOTAL__,kiwisaver,995.0
2025-10,__TOTAL__,save,998.0
2025-10,__TOTAL__,subscription,2537.0
2025-11,Google,cpa_crypto,0.0
2025-11,Google,cpa_insure_payment,0.0
2025-11,Google,cpa_insure_quote,0.0
2025-11,Google,cpa_kiwisaver,0.0
2025-11,Google,cpa_subscription,0.0
2025-11,Meta,cpa_crypto,6.97
2025-11,Meta,cpa_insure_payment,1815.28
2025-11,Meta,cpa_insure_quote,48.19
2025-11,Meta,cpa_kiwisaver,61.05
2025-11,Meta,cpa_save,40.4
2025-11,Meta,cpa_subscription,28.84
2025-11,Reddit,cpa_crypto,7.7
2025-11,Reddit,cpa_insure_payment,968.7
2025-11,Reddit,cpa_insure_quote,49.75
2025-11,Reddit,cpa_kiwisaver,91.49
2025-11,Reddit,cpa_save,44.03
2025-11,Reddit,cpa_subscription,24.73
2025-11,Stackadapt,cpa_crypto,0.0
2025-11,Stackadapt,cpa_insure_payment,0.0
2025-11,Stackadapt,cpa_insure_quote,0.0
2025-11,Stackadapt,cpa_kiwisaver,0.0
2025-11,Stackadapt,cpa_subscription,0.0
2025-11,TikTok,cpa_crypto,13.97
2025-11,TikTok,cpa_insure_payment,0.0
2025-11,TikTok,cpa_insure_quote,0.0
2025-11,TikTok,cpa_kiwisaver,69.34
2025-11,TikTok,cpa_subscription,0.0
2025-11,YouTube,cpa_crypto,0.0
2025-11,YouTube,cpa_insure_payment,0.0
2025-11,YouTube,cpa_insure_quote,0.0
2025-11,YouTube,cpa_kiwisaver,4025.53
2025-11,YouTube,cpa_subscription,0.0
2025-11,__TOTAL__,crypto,6441.0
2025-11,__TOTAL__,insure_payment,32.0
2025-11,__TOTAL__,insure_quote,896.0
2025-11,__TOTAL__,kiwisaver,706.0
2025-11,__TOTAL__,save,1048.0
2025-11,__TOTAL__,subscription,1610.0
2025-12,Google,cpa_crypto,0.0
2025-12,Google,cpa_insure_payment,0.0
2025-12,Google,cpa_insure_quote,0.0
2025-12,Google,cpa_kiwisaver,0.0
2025-12,Google,cpa_subscription,0.0
2025-12,Meta,cpa_crypto,9.46
2025-12,Meta,cpa_insure_payment,1164.74
2025-12,Meta,cpa_insure_quote,62.75
2025-12,Meta,cpa_kiwisaver,77.01
2025-12,Meta,cpa_save,42.74
2025-12,Meta,cpa_subscription,28.98
2025-12,Reddit,cpa_crypto,6.59
2025-12,Reddit,cpa_insure_payment,295.37
2025-12,Reddit,cpa_insure_quote,39.82
2025-12,Reddit,cpa_kiwisaver,48.22
2025-12,Reddit,cpa_save,27.26
2025-12,Reddit,cpa_subscription,13.15
2025-12,Stackadapt,cpa_crypto,0.0
2025-12,Stackadapt,cpa_insure_payment,0.0
2025-12,Stackadapt,cpa_insure_quote,0.0
2025-12,Stackadapt,cpa_kiwisaver,0.0
2025-12,Stackadapt,cpa_subscription,0.0
2025-12,TikTok,cpa_crypto,28.18
2025-12,TikTok,cpa_insure_payment,0.0
2025-12,TikTok,cpa_insure_quote,0.0
2025-12,TikTok,cpa_kiwisaver,138.74
2025-12,TikTok,cpa_subscription,0.0
2025-12,YouTube,cpa_crypto,0.0
2025-12,YouTube,cpa_insure_payment,0.0
2025-12,YouTube,cpa_insure_quote,0.0
2025-12,YouTube,cpa_kiwisaver,0.0
2025-12,YouTube,cpa_subscription,356.09
2025-12,__TOTAL__,crypto,3365.0
2025-12,__TOTAL__,insure_payment,40.0
2025-12,__TOTAL__,insure_quote,475.0
2025-12,__TOTAL__,kiwisaver,457.0
2025-12,__TOTAL__,save,696.0
2025-12,__TOTAL__,subscription,1201.0
2026-01,Google,cpa_crypto,0.0
2026-01,Google,cpa_insure_payment,0.0
2026-01,Google,cpa_insure_quote,0.0
2026-01,Google,cpa_kiwisaver,0.0
2026-01,Google,cpa_subscription,0.0
2026-01,Meta,cpa_crypto,7.78
2026-01,Meta,cpa_insure_payment,697.82
2026-01,Meta,cpa_insure_quote,55.67
2026-01,Meta,cpa_kiwisaver,56.47
2026-01,Meta,cpa_save,37.01
2026-01,Meta,cpa_subscription,18.26
2026-01,Reddit,cpa_crypto,7.61
2026-01,Reddit,cpa_insure_payment,476.38
2026-01,Reddit,cpa_insure_quote,53.29
2026-01,Reddit,cpa_kiwisaver,47.93
2026-01,Reddit,cpa_save,30.12
2026-01,Reddit,cpa_subscription,13.67
2026-01,Stackadapt,cpa_crypto,0.0
2026-01,Stackadapt,cpa_insure_payment,0.0
2026-01,Stackadapt,cpa_insure_quote,0.0
2026-01,Stackadapt,cpa_kiwisaver,0.0
2026-01,Stackadapt,cpa_subscription,0.0
2026-01,TikTok,cpa_crypto,36.75
2026-01,TikTok,cpa_insure_payment,0.0
2026-01,TikTok,cpa_insure_quote,0.0
2026-01,TikTok,cpa_kiwisaver,189.71
2026-01,TikTok,cpa_subscription,0.0
2026-01,YouTube,cpa_crypto,0.0
2026-01,YouTube,cpa_insure_payment,0.0
2026-01,YouTube,cpa_insure_quote,0.0
2026-01,YouTube,cpa_kiwisaver,0.0
2026-01,YouTube,cpa_subscription,0.0
2026-01,__TOTAL__,crypto,7489.0
2026-01,__TOTAL__,insure_payment,83.0
2026-01,__TOTAL__,insure_quote,997.0
2026-01,__TOTAL__,kiwisaver,1150.0
2026-01,__TOTAL__,save,1578.0
2026-01,__TOTAL__,subscription,3290.0
2026-02,Google,cpa_crypto,0.0
2026-02,Google,cpa_insure_payment,0.0
2026-02,Google,cpa_insure_quote,0.0
2026-02,Google,cpa_kiwisaver,0.0
2026-02,Google,cpa_subscription,0.0
2026-02,Meta,cpa_crypto,9.81
2026-02,Meta,cpa_insure_payment,1100.64
2026-02,Meta,cpa_insure_quote,82.6
2026-02,Meta,cpa_kiwisaver,88.53
2026-02,Meta,cpa_save,48.83
2026-02,Meta,cpa_subscription,26.83
2026-02,Reddit,cpa_crypto,14.16
2026-02,Reddit,cpa_insure_payment,1188.75
2026-02,Reddit,cpa_insure_quote,108.5
2026-02,Reddit,cpa_kiwisaver,105.97
2026-02,Reddit,cpa_save,53.09
2026-02,Reddit,cpa_subscription,32.13
2026-02,Stackadapt,cpa_crypto,0.0
2026-02,Stackadapt,cpa_insure_payment,0.0
2026-02,Stackadapt,cpa_insure_quote,49.83
2026-02,Stackadapt,cpa_kiwisaver,90.72
2026-02,Stackadapt,cpa_save,30.12
2026-02,Stackadapt,cpa_subscription,48.78
2026-02,TikTok,cpa_crypto,34.02
2026-02,TikTok,cpa_insure_payment,0.0
2026-02,TikTok,cpa_insure_quote,0.0
2026-02,TikTok,cpa_kiwisaver,195.93
2026-02,TikTok,cpa_subscription,0.0
2026-02,YouTube,cpa_crypto,0.0
2026-02,YouTube,cpa_insure_payment,0.0
2026-02,YouTube,cpa_insure_quote,0.0
2026-02,YouTube,cpa_kiwisaver,0.0
2026-02,YouTube,cpa_subscription,0.0
2026-02,__TOTAL__,crypto,6415.0
2026-02,__TOTAL__,insure_payment,60.0
2026-02,__TOTAL__,insure_quote,1628.0
2026-02,__TOTAL__,kiwisaver,1261.0
2026-02,__TOTAL__,save,2810.0
2026-02,__TOTAL__,subscription,3273.0
2026-03,Google,cpa_crypto,0.0
2026-03,Google,cpa_insure_payment,0.0
2026-03,Google,cpa_insure_quote,0.0
2026-03,Google,cpa_kiwisaver,0.0
2026-03,Google,cpa_subscription,0.0
2026-03,Meta,cpa_crypto,18.58
2026-03,Meta,cpa_insure_payment,1771.19
2026-03,Meta,cpa_insure_quote,101.3
2026-03,Meta,cpa_kiwisaver,114.16
2026-03,Meta,cpa_save,72.88
2026-03,Meta,cpa_spend_signup,656.73
2026-03,Meta,cpa_subscription,38.3
2026-03,Reddit,cpa_crypto,23.46
2026-03,Reddit,cpa_insure_payment,1277.72
2026-03,Reddit,cpa_insure_quote,126.62
2026-03,Reddit,cpa_kiwisaver,123.83
2026-03,Reddit,cpa_save,74.17
2026-03,Reddit,cpa_subscription,36.46
2026-03,Stackadapt,cpa_crypto,0.0
2026-03,Stackadapt,cpa_insure_payment,0.0
2026-03,Stackadapt,cpa_insure_quote,79.69
2026-03,Stackadapt,cpa_kiwisaver,87.57
2026-03,Stackadapt,cpa_save,43.85
2026-03,Stackadapt,cpa_subscription,60.65
2026-03,TikTok,cpa_crypto,39.95
2026-03,TikTok,cpa_insure_payment,0.0
2026-03,TikTok,cpa_insure_quote,0.0
2026-03,TikTok,cpa_kiwisaver,209.14
2026-03,TikTok,cpa_subscription,0.0
2026-03,YouTube,cpa_crypto,0.0
2026-03,YouTube,cpa_insure_payment,0.0
2026-03,YouTube,cpa_insure_quote,0.0
2026-03,YouTube,cpa_kiwisaver,22910.97
2026-03,YouTube,cpa_subscription,0.0
2026-03,__TOTAL__,crypto,4610.0
2026-03,__TOTAL__,insure_payment,55.0
2026-03,__TOTAL__,insure_quote,1532.0
2026-03,__TOTAL__,kiwisaver,1458.0
2026-03,__TOTAL__,save,2513.0
2026-03,__TOTAL__,spend_signup,89.0
2026-03,__TOTAL__,subscription,3263.0
2026-04,Google,cpa_crypto,0.0
2026-04,Google,cpa_insure_payment,0.0
2026-04,Google,cpa_insure_quote,0.0
2026-04,Google,cpa_kiwisaver,0.0
2026-04,Google,cpa_subscription,0.0
2026-04,Meta,cpa_crypto,17.4
2026-04,Meta,cpa_insure_payment,1067.86
2026-04,Meta,cpa_insure_quote,37.25
2026-04,Meta,cpa_kiwisaver,80.67
2026-04,Meta,cpa_save,30.43
2026-04,Meta,cpa_spend_signup,47.51
2026-04,Meta,cpa_subscription,20.18
2026-04,Reddit,cpa_crypto,11.64
2026-04,Reddit,cpa_insure_payment,230.39
2026-04,Reddit,cpa_insure_quote,27.65
2026-04,Reddit,cpa_kiwisaver,9.2
2026-04,Reddit,cpa_save,16.41
2026-04,Reddit,cpa_spend_signup,26.46
2026-04,Reddit,cpa_subscription,9.44
2026-04,Stackadapt,cpa_crypto,12.62
2026-04,Stackadapt,cpa_insure_quote,72.01
2026-04,Stackadapt,cpa_kiwisaver,56.61
2026-04,TikTok,cpa_crypto,60.55
2026-04,TikTok,cpa_insure_payment,0.0
2026-04,TikTok,cpa_insure_quote,0.0
2026-04,TikTok,cpa_kiwisaver,192.32
2026-04,TikTok,cpa_subscription,0.0
2026-04,YouTube,cpa_crypto,0.0
2026-04,YouTube,cpa_insure_payment,0.0
2026-04,YouTube,cpa_insure_quote,0.0
2026-04,YouTube,cpa_subscription,0.0
2026-04,__TOTAL__,crypto,2531.0
2026-04,__TOTAL__,insure_payment,45.0
2026-04,__TOTAL__,insure_quote,927.0
2026-04,__TOTAL__,kiwisaver,1055.0
2026-04,__TOTAL__,save,1074.0
2026-04,__TOTAL__,spend_signup,681.0
2026-04,__TOTAL__,subscription,1698.0
2026-05,Google,cpa_crypto,0.0
2026-05,Google,cpa_insure_payment,0.0
2026-05,Google,cpa_insure_quote,0.0
2026-05,Google,cpa_kiwisaver,0.0
2026-05,Google,cpa_subscription,0.0
2026-05,Meta,cpa_crypto,21.58
2026-05,Meta,cpa_insure_payment,840.98
2026-05,Meta,cpa_insure_quote,63.04
2026-05,Meta,cpa_kiwisaver,46.61
2026-05,Meta,cpa_save,34.31
2026-05,Meta,cpa_spend_signup,26.26
2026-05,Meta,cpa_subscription,21.13
2026-05,Reddit,cpa_crypto,12.01
2026-05,Reddit,cpa_insure_payment,301.56
2026-05,Reddit,cpa_insure_quote,42.62
2026-05,Reddit,cpa_kiwisaver,20.07
2026-05,Reddit,cpa_save,16.3
2026-05,Reddit,cpa_spend_signup,16.82
2026-05,Reddit,cpa_subscription,9.31
2026-05,Stackadapt,cpa_crypto,77.22
2026-05,Stackadapt,cpa_insure_quote,52.25
2026-05,Stackadapt,cpa_kiwisaver,23.65
2026-05,TikTok,cpa_crypto,31.86
2026-05,TikTok,cpa_insure_payment,0.0
2026-05,TikTok,cpa_insure_quote,0.0
2026-05,TikTok,cpa_kiwisaver,127.44
2026-05,TikTok,cpa_subscription,0.0
2026-05,YouTube,cpa_crypto,0.0
2026-05,YouTube,cpa_insure_payment,0.0
2026-05,YouTube,cpa_insure_quote,0.0
2026-05,YouTube,cpa_subscription,0.0
2026-05,__TOTAL__,crypto,3016.0
2026-05,__TOTAL__,insure_payment,87.0
2026-05,__TOTAL__,insure_quote,1111.0
2026-05,__TOTAL__,kiwisaver,1904.0
2026-05,__TOTAL__,save,1892.0
2026-05,__TOTAL__,spend_signup,2222.0
2026-05,__TOTAL__,subscription,3167.0
2026-06,Google,cpa_crypto,0.0
2026-06,Google,cpa_insure_payment,0.0
2026-06,Google,cpa_insure_quote,0.0
2026-06,Google,cpa_kiwisaver,0.0
2026-06,Google,cpa_spend_signup,325.5
2026-06,Google,cpa_subscription,0.0
2026-06,Meta,cpa_crypto,30.69
2026-06,Meta,cpa_insure_payment,739.26
2026-06,Meta,cpa_insure_quote,109.1
2026-06,Meta,cpa_kiwisaver,52.04
2026-06,Meta,cpa_save,28.6
2026-06,Meta,cpa_spend_signup,42.88
2026-06,Meta,cpa_subscription,24.81
2026-06,Reddit,cpa_crypto,17.83
2026-06,Reddit,cpa_insure_payment,262.5
2026-06,Reddit,cpa_insure_quote,74.47
2026-06,Reddit,cpa_kiwisaver,46.46
2026-06,Reddit,cpa_save,15.17
2026-06,Reddit,cpa_spend_signup,26.32
2026-06,Reddit,cpa_subscription,11.25
2026-06,Stackadapt,cpa_crypto,117.19
2026-06,Stackadapt,cpa_insure_quote,140.19
2026-06,Stackadapt,cpa_kiwisaver,38.46
2026-06,Stackadapt,cpa_save,39.27
2026-06,TikTok,cpa_insure_payment,0.0
2026-06,TikTok,cpa_insure_quote,0.0
2026-06,TikTok,cpa_subscription,0.0
2026-06,YouTube,cpa_crypto,0.0
2026-06,YouTube,cpa_insure_payment,0.0
2026-06,YouTube,cpa_insure_quote,0.0
2026-06,YouTube,cpa_subscription,0.0
2026-06,__TOTAL__,crypto,2114.0
2026-06,__TOTAL__,insure_payment,98.0
2026-06,__TOTAL__,insure_quote,641.0
2026-06,__TOTAL__,kiwisaver,1440.0
2026-06,__TOTAL__,save,2607.0
2026-06,__TOTAL__,spend_signup,1409.0
2026-06,__TOTAL__,subscription,2661.0
2026-07,Google,cpa_crypto,0.0
2026-07,Google,cpa_insure_payment,0.0
2026-07,Google,cpa_insure_quote,0.0
2026-07,Google,cpa_kiwisaver,0.0
2026-07,Google,cpa_spend_signup,2137.27
2026-07,Google,cpa_subscription,0.0
2026-07,Meta,cpa_crypto,53.39
2026-07,Meta,cpa_insure_payment,998.2
2026-07,Meta,cpa_insure_quote,151.01
2026-07,Meta,cpa_kiwisaver,94.84
2026-07,Meta,cpa_save,35.93
2026-07,Meta,cpa_spend_signup,76.09
2026-07,Meta,cpa_subscription,36.97
2026-07,Reddit,cpa_crypto,30.93
2026-07,Reddit,cpa_insure_payment,490.7
2026-07,Reddit,cpa_insure_quote,99.96
2026-07,Reddit,cpa_kiwisaver,65.23
2026-07,Reddit,cpa_save,22.21
2026-07,Reddit,cpa_spend_signup,52.79
2026-07,Reddit,cpa_subscription,18.89
2026-07,Stackadapt,cpa_crypto,103.28
2026-07,Stackadapt,cpa_insure_quote,91.73
2026-07,Stackadapt,cpa_kiwisaver,43.31
2026-07,Stackadapt,cpa_save,21.78
2026-07,TikTok,cpa_insure_payment,0.0
2026-07,TikTok,cpa_insure_quote,0.0
2026-07,TikTok,cpa_kiwisaver,357.14
2026-07,TikTok,cpa_subscription,0.0
2026-07,YouTube,cpa_crypto,0.0
2026-07,YouTube,cpa_insure_payment,0.0
2026-07,YouTube,cpa_insure_quote,0.0
2026-07,YouTube,cpa_subscription,0.0
2026-07,__TOTAL__,crypto,1944.0
2026-07,__TOTAL__,insure_payment,103.0
2026-07,__TOTAL__,insure_quote,767.0
2026-07,__TOTAL__,kiwisaver,1329.0
2026-07,__TOTAL__,save,3311.0
2026-07,__TOTAL__,spend_signup,1194.0
2026-07,__TOTAL__,subscription,2736.0
2026-08,Google,cpa_crypto,0.0
2026-08,Google,cpa_insure_payment,0.0
2026-08,Google,cpa_insure_quote,0.0
2026-08,Google,cpa_kiwisaver,0.0
2026-08,Google,cpa_spend_signup,4587.0
2026-08,Google,cpa_subscription,0.0
2026-08,Meta,cpa_crypto,52.16
2026-08,Meta,cpa_insure_payment,1077.96
2026-08,Meta,cpa_insure_quote,87.14
2026-08,Meta,cpa_kiwisaver,81.53
2026-08,Meta,cpa_save,44.3
2026-08,Meta,cpa_spend_signup,89.83
2026-08,Meta,cpa_subscription,39.28
2026-08,Reddit,cpa_crypto,22.33
2026-08,Reddit,cpa_insure_payment,601.08
2026-08,Reddit,cpa_insure_quote,63.83
2026-08,Reddit,cpa_kiwisaver,57.7
2026-08,Reddit,cpa_save,25.58
2026-08,Reddit,cpa_spend_signup,49.74
2026-08,Reddit,cpa_subscription,19.71
2026-08,Stackadapt,cpa_crypto,71.17
2026-08,Stackadapt,cpa_insure_quote,59.89
2026-08,Stackadapt,cpa_kiwisaver,188.88
2026-08,Stackadapt,cpa_save,23.84
2026-08,TikTok,cpa_insure_payment,0.0
2026-08,TikTok,cpa_insure_quote,0.0
2026-08,TikTok,cpa_subscription,0.0
2026-08,YouTube,cpa_crypto,0.0
2026-08,YouTube,cpa_insure_payment,0.0
2026-08,YouTube,cpa_insure_quote,0.0
2026-08,YouTube,cpa_subscription,0.0
2026-08,__TOTAL__,crypto,952.0
2026-08,__TOTAL__,insure_payment,39.0
2026-08,__TOTAL__,insure_quote,531.0
2026-08,__TOTAL__,kiwisaver,513.0
2026-08,__TOTAL__,save,1152.0
2026-08,__TOTAL__,spend_signup,471.0
2026-08,__TOTAL__,subscription,1109.0
2024-09,__BUDGET__,actual,8587.5
2024-10,__BUDGET__,actual,9971.38
2024-11,__BUDGET__,actual,10333.17
2024-12,__BUDGET__,actual,13658.34
2025-01,__BUDGET__,actual,28965.58
2025-02,__BUDGET__,actual,49323.35
2025-03,__BUDGET__,actual,28735.67
2025-04,__BUDGET__,actual,17938.84
2025-05,__BUDGET__,actual,16776.0
2025-05,__BUDGET__,difference,2224.0
2025-05,__BUDGET__,forecast,19000.0
2025-06,__BUDGET__,actual,21418.74
2025-06,__BUDGET__,difference,1281.26
2025-06,__BUDGET__,forecast,22700.0
2025-07,__BUDGET__,actual,28215.69
2025-07,__BUDGET__,difference,1212.31
2025-07,__BUDGET__,forecast,29428.0
2025-08,__BUDGET__,actual,28171.7
2025-08,__BUDGET__,difference,-171.7
2025-08,__BUDGET__,forecast,28000.0
2025-09,__BUDGET__,actual,36734.73
2025-09,__BUDGET__,difference,865.27
2025-09,__BUDGET__,forecast,37600.0
2025-10,__BUDGET__,actual,41575.27
2025-10,__BUDGET__,difference,4424.73
2025-10,__BUDGET__,forecast,46000.0
2025-11,__BUDGET__,actual,53270.12
2025-11,__BUDGET__,difference,2729.88
2025-11,__BUDGET__,forecast,56000.0
2025-12,__BUDGET__,actual,41508.76
2025-12,__BUDGET__,difference,-16508.76
2025-12,__BUDGET__,forecast,25000.0
2026-01,__BUDGET__,actual,102253.7
2026-01,__BUDGET__,difference,73746.3
2026-01,__BUDGET__,forecast,176000.0
2026-02,__BUDGET__,actual,138752.67
2026-02,__BUDGET__,difference,22247.33
2026-02,__BUDGET__,forecast,161000.0
2026-03,__BUDGET__,actual,178546.41
2026-03,__BUDGET__,difference,-15546.41
2026-03,__BUDGET__,forecast,163000.0
2026-04,__BUDGET__,actual,51513.42
2026-04,__BUDGET__,difference,34486.58
2026-04,__BUDGET__,forecast,86000.0
2026-05,__BUDGET__,actual,71628.39
2026-05,__BUDGET__,difference,-9628.39
2026-05,__BUDGET__,forecast,62000.0
2026-06,__BUDGET__,actual,77857.0
2026-06,__BUDGET__,difference,2831.0
2026-06,__BUDGET__,forecast,80688.0
2026-07,__BUDGET__,actual,130442.0
2026-07,__BUDGET__,difference,15782.0
2026-07,__BUDGET__,forecast,146224.0
2026-08,__BUDGET__,actual,54165.0
2026-08,__BUDGET__,difference,83835.0
2026-08,__BUDGET__,forecast,138000.0
