month,channel,metric,value,source
2024-09,Google,insure_payment,0,doc
2024-09,Meta,insure_payment,0,doc
2024-09,Reddit,insure_payment,0,doc
2024-09,Stackadapt,insure_payment,0,doc
2024-09,TikTok,insure_payment,0,doc
2024-09,YouTube,insure_payment,0,doc
2024-09,Google,insure_quote,0,doc
2024-09,Meta,insure_quote,0,doc
2024-09,Reddit,insure_quote,0,doc
2024-09,Stackadapt,insure_quote,0,doc
2024-09,TikTok,insure_quote,0,doc
2024-09,YouTube,insure_quote,0,doc
2024-09,Google,kiwisaver,0,doc
2024-09,Meta,kiwisaver,12,doc
2024-09,Reddit,kiwisaver,0,doc
2024-09,Stackadapt,kiwisaver,0,doc
2024-09,TikTok,kiwisaver,0,doc
2024-09,YouTube,kiwisaver,0,doc
2024-09,Meta,save,0,doc
2024-09,Reddit,save,0,doc
2024-09,Google,spend_actual,4440.84,doc
2024-09,LinkedIn,spend_actual,0.00,doc
2024-09,Meta,spend_actual,4146.66,doc
2024-09,Reddit,spend_actual,0.00,doc
2024-09,Spotify,spend_actual,0.00,doc
2024-09,Stackadapt,spend_actual,0.00,doc
2024-09,TikTok,spend_actual,0.00,doc
2024-09,YouTube,spend_actual,0.00,doc
2024-09,Google,subscription,0,doc
2024-09,Meta,subscription,0,doc
2024-09,Reddit,subscription,0,doc
2024-09,Stackadapt,subscription,0,doc
2024-09,TikTok,subscription,0,doc
2024-09,YouTube,subscription,0,doc
2024-10,Google,insure_payment,0,doc
2024-10,Meta,insure_payment,0,doc
2024-10,Reddit,insure_payment,0,doc
2024-10,Stackadapt,insure_payment,0,doc
2024-10,TikTok,insure_payment,0,doc
2024-10,YouTube,insure_payment,0,doc
2024-10,Google,insure_quote,0,doc
2024-10,Meta,insure_quote,0,doc
2024-10,Reddit,insure_quote,0,doc
2024-10,Stackadapt,insure_quote,0,doc
2024-10,TikTok,insure_quote,0,doc
2024-10,YouTube,insure_quote,0,doc
2024-10,Google,kiwisaver,4,doc
2024-10,Meta,kiwisaver,23,doc
2024-10,Reddit,kiwisaver,0,doc
2024-10,Stackadapt,kiwisaver,0,doc
2024-10,TikTok,kiwisaver,0,doc
2024-10,YouTube,kiwisaver,0,doc
2024-10,Meta,save,0,doc
2024-10,Reddit,save,0,doc
2024-10,Google,spend_actual,5002.37,doc
2024-10,LinkedIn,spend_actual,0.00,doc
2024-10,Meta,spend_actual,4969.01,doc
2024-10,Reddit,spend_actual,0.00,doc
2024-10,Spotify,spend_actual,0.00,doc
2024-10,Stackadapt,spend_actual,0.00,doc
2024-10,TikTok,spend_actual,0.00,doc
2024-10,YouTube,spend_actual,0.00,doc
2024-10,Google,subscription,1,doc
2024-10,Meta,subscription,0,doc
2024-10,Reddit,subscription,0,doc
2024-10,Stackadapt,subscription,0,doc
2024-10,TikTok,subscription,0,doc
2024-10,YouTube,subscription,0,doc
2024-11,Google,insure_payment,0,doc
2024-11,Meta,insure_payment,1,doc
2024-11,Reddit,insure_payment,0,doc
2024-11,Stackadapt,insure_payment,0,doc
2024-11,TikTok,insure_payment,0,doc
2024-11,YouTube,insure_payment,0,doc
2024-11,Google,insure_quote,0,doc
2024-11,Meta,insure_quote,0,doc
2024-11,Reddit,insure_quote,0,doc
2024-11,Stackadapt,insure_quote,0,doc
2024-11,TikTok,insure_quote,0,doc
2024-11,YouTube,insure_quote,0,doc
2024-11,Google,kiwisaver,5,doc
2024-11,Meta,kiwisaver,47,doc
2024-11,Reddit,kiwisaver,0,doc
2024-11,Stackadapt,kiwisaver,0,doc
2024-11,TikTok,kiwisaver,0,doc
2024-11,YouTube,kiwisaver,0,doc
2024-11,Meta,save,0,doc
2024-11,Reddit,save,0,doc
2024-11,Google,spend_actual,4798.34,doc
2024-11,LinkedIn,spend_actual,0.00,doc
2024-11,Meta,spend_actual,5534.83,doc
2024-11,Reddit,spend_actual,0.00,doc
2024-11,Spotify,spend_actual,0.00,doc
2024-11,Stackadapt,spend_actual,0.00,doc
2024-11,TikTok,spend_actual,0.00,doc
2024-11,YouTube,spend_actual,0.00,doc
2024-11,Google,subscription,7,doc
2024-11,Meta,subscription,0,doc
2024-11,Reddit,subscription,0,doc
2024-11,Stackadapt,subscription,0,doc
2024-11,TikTok,subscription,0,doc
2024-11,YouTube,subscription,0,doc
2024-12,Google,insure_payment,0,doc
2024-12,Meta,insure_payment,2,doc
2024-12,Reddit,insure_payment,0,doc
2024-12,Stackadapt,insure_payment,0,doc
2024-12,TikTok,insure_payment,0,doc
2024-12,YouTube,insure_payment,0,doc
2024-12,Google,insure_quote,5,doc
2024-12,Meta,insure_quote,0,doc
2024-12,Reddit,insure_quote,1,doc
2024-12,Stackadapt,insure_quote,0,doc
2024-12,TikTok,insure_quote,0,doc
2024-12,YouTube,insure_quote,0,doc
2024-12,Google,kiwisaver,1,doc
2024-12,Meta,kiwisaver,66,doc
2024-12,Reddit,kiwisaver,6,doc
2024-12,Stackadapt,kiwisaver,0,doc
2024-12,TikTok,kiwisaver,0,doc
2024-12,YouTube,kiwisaver,0,doc
2024-12,Meta,save,133,doc
2024-12,Reddit,save,0,doc
2024-12,Google,spend_actual,5243.42,doc
2024-12,LinkedIn,spend_actual,0.00,doc
2024-12,Meta,spend_actual,6989.19,doc
2024-12,Reddit,spend_actual,430.35,doc
2024-12,Spotify,spend_actual,0.00,doc
2024-12,Stackadapt,spend_actual,800.28,doc
2024-12,TikTok,spend_actual,0.00,doc
2024-12,YouTube,spend_actual,195.10,doc
2024-12,Google,subscription,3,doc
2024-12,Meta,subscription,0,doc
2024-12,Reddit,subscription,2,doc
2024-12,Stackadapt,subscription,0,doc
2024-12,TikTok,subscription,0,doc
2024-12,YouTube,subscription,0,doc
2025-01,Google,insure_payment,0,doc
2025-01,Meta,insure_payment,4,doc
2025-01,Reddit,insure_payment,0,doc
2025-01,Stackadapt,insure_payment,0,doc
2025-01,TikTok,insure_payment,0,doc
2025-01,YouTube,insure_payment,0,doc
2025-01,Google,insure_quote,18,doc
2025-01,Meta,insure_quote,0,doc
2025-01,Reddit,insure_quote,19,doc
2025-01,Stackadapt,insure_quote,0,doc
2025-01,TikTok,insure_quote,0,doc
2025-01,YouTube,insure_quote,0,doc
2025-01,Google,kiwisaver,6,doc
2025-01,Meta,kiwisaver,67,doc
2025-01,Reddit,kiwisaver,19,doc
2025-01,Stackadapt,kiwisaver,0,doc
2025-01,TikTok,kiwisaver,0,doc
2025-01,YouTube,kiwisaver,0,doc
2025-01,Meta,save,442,doc
2025-01,Reddit,save,0,doc
2025-01,Google,spend_actual,5493.80,doc
2025-01,LinkedIn,spend_actual,0.00,doc
2025-01,Meta,spend_actual,7942.16,doc
2025-01,Reddit,spend_actual,3195.45,doc
2025-01,Spotify,spend_actual,0.00,doc
2025-01,Stackadapt,spend_actual,8098.73,doc
2025-01,TikTok,spend_actual,1829.87,doc
2025-01,YouTube,spend_actual,10504.30,doc
2025-01,Google,subscription,13,doc
2025-01,Meta,subscription,496,doc
2025-01,Reddit,subscription,44,doc
2025-01,Stackadapt,subscription,0,doc
2025-01,TikTok,subscription,0,doc
2025-01,YouTube,subscription,0,doc
2025-02,Google,insure_payment,0,doc
2025-02,Meta,insure_payment,5,doc
2025-02,Reddit,insure_payment,0,doc
2025-02,Stackadapt,insure_payment,0,doc
2025-02,TikTok,insure_payment,0,doc
2025-02,YouTube,insure_payment,0,doc
2025-02,Google,insure_quote,45,doc
2025-02,Meta,insure_quote,42,doc
2025-02,Reddit,insure_quote,30,doc
2025-02,Stackadapt,insure_quote,0,doc
2025-02,TikTok,insure_quote,0,doc
2025-02,YouTube,insure_quote,0,doc
2025-02,Google,kiwisaver,0,doc
2025-02,Meta,kiwisaver,111,doc
2025-02,Reddit,kiwisaver,15,doc
2025-02,Stackadapt,kiwisaver,0,doc
2025-02,TikTok,kiwisaver,0,doc
2025-02,YouTube,kiwisaver,0,doc
2025-02,Meta,save,458,doc
2025-02,Reddit,save,0,doc
2025-02,Google,spend_actual,5534.47,doc
2025-02,LinkedIn,spend_actual,0.00,doc
2025-02,Meta,spend_actual,12248.74,doc
2025-02,Reddit,spend_actual,2740.96,doc
2025-02,Spotify,spend_actual,0.00,doc
2025-02,Stackadapt,spend_actual,7742.42,doc
2025-02,TikTok,spend_actual,3545.18,doc
2025-02,YouTube,spend_actual,17511.58,doc
2025-02,Google,subscription,11,doc
2025-02,Meta,subscription,752,doc
2025-02,Reddit,subscription,36,doc
2025-02,Stackadapt,subscription,0,doc
2025-02,TikTok,subscription,0,doc
2025-02,YouTube,subscription,0,doc
2025-03,Google,insure_payment,0,doc
2025-03,Meta,insure_payment,6,doc
2025-03,Reddit,insure_payment,0,doc
2025-03,Stackadapt,insure_payment,0,doc
2025-03,TikTok,insure_payment,0,doc
2025-03,YouTube,insure_payment,0,doc
2025-03,Google,insure_quote,15,doc
2025-03,Meta,insure_quote,494,doc
2025-03,Reddit,insure_quote,48,doc
2025-03,Stackadapt,insure_quote,0,doc
2025-03,TikTok,insure_quote,0,doc
2025-03,YouTube,insure_quote,0,doc
2025-03,Google,kiwisaver,2,doc
2025-03,Meta,kiwisaver,96,doc
2025-03,Reddit,kiwisaver,33,doc
2025-03,Stackadapt,kiwisaver,0,doc
2025-03,TikTok,kiwisaver,0,doc
2025-03,YouTube,kiwisaver,0,doc
2025-03,Meta,save,525,doc
2025-03,Reddit,save,0,doc
2025-03,Google,spend_actual,5143.09,doc
2025-03,LinkedIn,spend_actual,0.00,doc
2025-03,Meta,spend_actual,15825.70,doc
2025-03,Reddit,spend_actual,1188.74,doc
2025-03,Spotify,spend_actual,0.00,doc
2025-03,Stackadapt,spend_actual,3393.24,doc
2025-03,TikTok,spend_actual,984.60,doc
2025-03,YouTube,spend_actual,2200.30,doc
2025-03,Google,subscription,5,doc
2025-03,Meta,subscription,734,doc
2025-03,Reddit,subscription,80,doc
2025-03,Stackadapt,subscription,0,doc
2025-03,TikTok,subscription,0,doc
2025-03,YouTube,subscription,0,doc
2025-04,Google,insure_payment,0,doc
2025-04,Meta,insure_payment,0,doc
2025-04,Reddit,insure_payment,0,doc
2025-04,Stackadapt,insure_payment,0,doc
2025-04,TikTok,insure_payment,0,doc
2025-04,YouTube,insure_payment,0,doc
2025-04,Google,insure_quote,2,doc
2025-04,Meta,insure_quote,351,doc
2025-04,Reddit,insure_quote,0,doc
2025-04,Stackadapt,insure_quote,0,doc
2025-04,TikTok,insure_quote,0,doc
2025-04,YouTube,insure_quote,0,doc
2025-04,Google,kiwisaver,0,doc
2025-04,Meta,kiwisaver,58,doc
2025-04,Reddit,kiwisaver,0,doc
2025-04,Stackadapt,kiwisaver,0,doc
2025-04,TikTok,kiwisaver,0,doc
2025-04,YouTube,kiwisaver,0,doc
2025-04,Meta,save,393,doc
2025-04,Reddit,save,0,doc
2025-04,Google,spend_actual,1543.95,doc
2025-04,LinkedIn,spend_actual,0.00,doc
2025-04,Meta,spend_actual,13456.95,doc
2025-04,Reddit,spend_actual,7.17,doc
2025-04,Spotify,spend_actual,0.00,doc
2025-04,Stackadapt,spend_actual,1757.92,doc
2025-04,TikTok,spend_actual,0.00,doc
2025-04,YouTube,spend_actual,1172.85,doc
2025-04,Google,subscription,4,doc
2025-04,Meta,subscription,629,doc
2025-04,Reddit,subscription,0,doc
2025-04,Stackadapt,subscription,0,doc
2025-04,TikTok,subscription,0,doc
2025-04,YouTube,subscription,1,doc
2025-05,Google,insure_payment,0,doc
2025-05,Meta,insure_payment,4,doc
2025-05,Reddit,insure_payment,0,doc
2025-05,Stackadapt,insure_payment,0,doc
2025-05,TikTok,insure_payment,0,doc
2025-05,YouTube,insure_payment,0,doc
2025-05,Google,insure_quote,0,doc
2025-05,Meta,insure_quote,295,doc
2025-05,Reddit,insure_quote,130,doc
2025-05,Stackadapt,insure_quote,0,doc
2025-05,TikTok,insure_quote,0,doc
2025-05,YouTube,insure_quote,0,doc
2025-05,Google,kiwisaver,0,doc
2025-05,Meta,kiwisaver,227,doc
2025-05,Reddit,kiwisaver,54,doc
2025-05,Stackadapt,kiwisaver,0,doc
2025-05,TikTok,kiwisaver,0,doc
2025-05,YouTube,kiwisaver,0,doc
2025-05,Meta,save,354,doc
2025-05,Reddit,save,0,doc
2025-05,Google,spend_actual,606.38,doc
2025-05,LinkedIn,spend_actual,0.00,doc
2025-05,Meta,spend_actual,11789.77,doc
2025-05,Reddit,spend_actual,2596.75,doc
2025-05,Spotify,spend_actual,0.00,doc
2025-05,Stackadapt,spend_actual,0.00,doc
2025-05,TikTok,spend_actual,0.00,doc
2025-05,YouTube,spend_actual,1783.10,doc
2025-05,Google,subscription,0,doc
2025-05,Meta,subscription,588,doc
2025-05,Reddit,subscription,352,doc
2025-05,Stackadapt,subscription,0,doc
2025-05,TikTok,subscription,0,doc
2025-05,YouTube,subscription,1,doc
2025-06,Google,insure_payment,0,doc
2025-06,Meta,insure_payment,7,doc
2025-06,Reddit,insure_payment,0,doc
2025-06,Stackadapt,insure_payment,0,doc
2025-06,TikTok,insure_payment,0,doc
2025-06,YouTube,insure_payment,0,doc
2025-06,Google,insure_quote,0,doc
2025-06,Meta,insure_quote,313,doc
2025-06,Reddit,insure_quote,367,doc
2025-06,Stackadapt,insure_quote,0,doc
2025-06,TikTok,insure_quote,0,doc
2025-06,YouTube,insure_quote,0,doc
2025-06,Google,kiwisaver,0,doc
2025-06,Meta,kiwisaver,153,doc
2025-06,Reddit,kiwisaver,111,doc
2025-06,Stackadapt,kiwisaver,0,doc
2025-06,TikTok,kiwisaver,0,doc
2025-06,YouTube,kiwisaver,0,doc
2025-06,Meta,save,325,doc
2025-06,Reddit,save,0,doc
2025-06,Google,spend_actual,0.00,doc
2025-06,LinkedIn,spend_actual,0.00,doc
2025-06,Meta,spend_actual,12226.15,doc
2025-06,Reddit,spend_actual,5223.02,doc
2025-06,Spotify,spend_actual,0.00,doc
2025-06,Stackadapt,spend_actual,0.00,doc
2025-06,TikTok,spend_actual,0.00,doc
2025-06,YouTube,spend_actual,3969.57,doc
2025-06,Google,subscription,0,doc
2025-06,Meta,subscription,620,doc
2025-06,Reddit,subscription,483,doc
2025-06,Stackadapt,subscription,0,doc
2025-06,TikTok,subscription,0,doc
2025-06,YouTube,subscription,0,doc
2025-07,Google,insure_payment,0,doc
2025-07,Meta,insure_payment,9,doc
2025-07,Reddit,insure_payment,1,doc
2025-07,Stackadapt,insure_payment,0,doc
2025-07,TikTok,insure_payment,0,doc
2025-07,YouTube,insure_payment,0,doc
2025-07,Google,insure_quote,5,doc
2025-07,Meta,insure_quote,1169,doc
2025-07,Reddit,insure_quote,423,doc
2025-07,Stackadapt,insure_quote,0,doc
2025-07,TikTok,insure_quote,0,doc
2025-07,YouTube,insure_quote,0,doc
2025-07,Google,kiwisaver,0,doc
2025-07,Meta,kiwisaver,282,doc
2025-07,Reddit,kiwisaver,143,doc
2025-07,Stackadapt,kiwisaver,0,doc
2025-07,TikTok,kiwisaver,0,doc
2025-07,YouTube,kiwisaver,0,doc
2025-07,Meta,save,530,doc
2025-07,Reddit,save,0,doc
2025-07,Google,spend_actual,827.02,doc
2025-07,LinkedIn,spend_actual,0.00,doc
2025-07,Meta,spend_actual,19155.64,doc
2025-07,Reddit,spend_actual,3287.47,doc
2025-07,Spotify,spend_actual,0.00,doc
2025-07,Stackadapt,spend_actual,0.00,doc
2025-07,TikTok,spend_actual,0.00,doc
2025-07,YouTube,spend_actual,4945.56,doc
2025-07,Google,subscription,0,doc
2025-07,Meta,subscription,1114,doc
2025-07,Reddit,subscription,683,doc
2025-07,Stackadapt,subscription,0,doc
2025-07,TikTok,subscription,0,doc
2025-07,YouTube,subscription,0,doc
2025-08,Google,insure_payment,0,doc
2025-08,Meta,insure_payment,11,doc
2025-08,Reddit,insure_payment,2,doc
2025-08,Stackadapt,insure_payment,0,doc
2025-08,TikTok,insure_payment,0,doc
2025-08,YouTube,insure_payment,0,doc
2025-08,Google,insure_quote,2,doc
2025-08,Meta,insure_quote,453,doc
2025-08,Reddit,insure_quote,391,doc
2025-08,Stackadapt,insure_quote,0,doc
2025-08,TikTok,insure_quote,0,doc
2025-08,YouTube,insure_quote,2,doc
2025-08,Google,kiwisaver,0,doc
2025-08,Meta,kiwisaver,197,doc
2025-08,Reddit,kiwisaver,208,doc
2025-08,Stackadapt,kiwisaver,0,doc
2025-08,TikTok,kiwisaver,0,doc
2025-08,YouTube,kiwisaver,0,doc
2025-08,Meta,save,175,doc
2025-08,Reddit,save,12,doc
2025-08,Google,spend_actual,4511.13,doc
2025-08,LinkedIn,spend_actual,0.00,doc
2025-08,Meta,spend_actual,9344.08,doc
2025-08,Reddit,spend_actual,9580.04,doc
2025-08,Spotify,spend_actual,0.00,doc
2025-08,Stackadapt,spend_actual,0.00,doc
2025-08,TikTok,spend_actual,250.30,doc
2025-08,YouTube,spend_actual,4486.15,doc
2025-08,YouTube,spend_p_brand,4486.15,attribution
2025-08,Google,spend_p_insure_payment,4461.91,attribution
2025-08,Meta,spend_p_insure_payment,3696.99,attribution
2025-08,Google,spend_p_insure_quote,4461.91,attribution
2025-08,Meta,spend_p_insure_quote,3696.99,attribution
2025-08,Meta,spend_p_kiwisaver,5026.42,attribution
2025-08,Google,spend_p_other,49.22,attribution
2025-08,Meta,spend_p_other,620.67,attribution
2025-08,Google,subscription,0,doc
2025-08,Meta,subscription,373,doc
2025-08,Reddit,subscription,572,doc
2025-08,Stackadapt,subscription,0,doc
2025-08,TikTok,subscription,0,doc
2025-08,YouTube,subscription,0,doc
2025-09,Google,insure_payment,0,doc
2025-09,Meta,insure_payment,8,doc
2025-09,Reddit,insure_payment,2,doc
2025-09,Stackadapt,insure_payment,0,doc
2025-09,TikTok,insure_payment,0,doc
2025-09,YouTube,insure_payment,0,doc
2025-09,Google,insure_quote,0,doc
2025-09,Meta,insure_quote,469,doc
2025-09,Reddit,insure_quote,664,doc
2025-09,Stackadapt,insure_quote,0,doc
2025-09,TikTok,insure_quote,0,doc
2025-09,YouTube,insure_quote,0,doc
2025-09,Google,kiwisaver,0,doc
2025-09,Meta,kiwisaver,343,doc
2025-09,Reddit,kiwisaver,195,doc
2025-09,Stackadapt,kiwisaver,0,doc
2025-09,TikTok,kiwisaver,0,doc
2025-09,YouTube,kiwisaver,0,doc
2025-09,Meta,save,455,doc
2025-09,Reddit,save,213,doc
2025-09,Google,spend_actual,0.00,doc
2025-09,LinkedIn,spend_actual,0.00,doc
2025-09,Meta,spend_actual,17035.04,doc
2025-09,Reddit,spend_actual,13130.48,doc
2025-09,Spotify,spend_actual,0.00,doc
2025-09,Stackadapt,spend_actual,0.00,doc
2025-09,TikTok,spend_actual,1485.16,doc
2025-09,YouTube,spend_actual,5084.05,doc
2025-09,YouTube,spend_p_brand,5084.05,attribution
2025-09,Meta,spend_p_insure_payment,39.08,attribution
2025-09,Meta,spend_p_insure_quote,39.08,attribution
2025-09,Meta,spend_p_kiwisaver,15534.55,attribution
2025-09,Google,spend_p_other,0.00,attribution
2025-09,Meta,spend_p_other,1461.41,attribution
2025-09,Google,subscription,0,doc
2025-09,Meta,subscription,932,doc
2025-09,Reddit,subscription,1776,doc
2025-09,Stackadapt,subscription,0,doc
2025-09,TikTok,subscription,0,doc
2025-09,YouTube,subscription,0,doc
2025-10,Google,crypto,0,doc
2025-10,Meta,crypto,1367,doc
2025-10,Reddit,crypto,1757,doc
2025-10,Stackadapt,crypto,0,doc
2025-10,TikTok,crypto,73,doc
2025-10,YouTube,crypto,0,doc
2025-10,Google,insure_payment,0,doc
2025-10,Meta,insure_payment,2,doc
2025-10,Reddit,insure_payment,0,doc
2025-10,Stackadapt,insure_payment,0,doc
2025-10,TikTok,insure_payment,0,doc
2025-10,YouTube,insure_payment,0,doc
2025-10,Google,insure_quote,0,doc
2025-10,Meta,insure_quote,693,doc
2025-10,Reddit,insure_quote,439,doc
2025-10,Stackadapt,insure_quote,0,doc
2025-10,TikTok,insure_quote,0,doc
2025-10,YouTube,insure_quote,0,doc
2025-10,Google,kiwisaver,0,doc
2025-10,Meta,kiwisaver,660,doc
2025-10,Reddit,kiwisaver,317,doc
2025-10,Stackadapt,kiwisaver,0,doc
2025-10,TikTok,kiwisaver,18,doc
2025-10,YouTube,kiwisaver,0,doc
2025-10,Meta,save,747,doc
2025-10,Reddit,save,251,doc
2025-10,Google,spend_actual,0.00,doc
2025-10,LinkedIn,spend_actual,0.00,doc
2025-10,Meta,spend_actual,25688.82,doc
2025-10,Reddit,spend_actual,13077.17,doc
2025-10,Spotify,spend_actual,0.00,doc
2025-10,Stackadapt,spend_actual,0.00,doc
2025-10,TikTok,spend_actual,1766.26,doc
2025-10,YouTube,spend_actual,1043.02,doc
2025-10,YouTube,spend_p_brand,1043.02,attribution
2025-10,Meta,spend_p_crypto,3680.71,attribution
2025-10,Meta,spend_p_kiwisaver,20754.03,attribution
2025-10,Google,spend_p_other,0.00,attribution
2025-10,Meta,spend_p_other,98.26,attribution
2025-10,Meta,spend_p_save,331.09,attribution
2025-10,Meta,spend_p_spend_signup,824.73,attribution
2025-10,Google,subscription,0,doc
2025-10,Meta,subscription,1348,doc
2025-10,Reddit,subscription,1189,doc
2025-10,Stackadapt,subscription,0,doc
2025-10,TikTok,subscription,0,doc
2025-10,YouTube,subscription,1,doc
2025-11,Google,crypto,0,doc
2025-11,Meta,crypto,3906,doc
2025-11,Reddit,crypto,2138,doc
2025-11,Stackadapt,crypto,0,doc
2025-11,TikTok,crypto,397,doc
2025-11,YouTube,crypto,0,doc
2025-11,Google,insure_payment,0,doc
2025-11,Meta,insure_payment,15,doc
2025-11,Reddit,insure_payment,17,doc
2025-11,Stackadapt,insure_payment,0,doc
2025-11,TikTok,insure_payment,0,doc
2025-11,YouTube,insure_payment,0,doc
2025-11,Google,insure_quote,0,doc
2025-11,Meta,insure_quote,565,doc
2025-11,Reddit,insure_quote,331,doc
2025-11,Stackadapt,insure_quote,0,doc
2025-11,TikTok,insure_quote,0,doc
2025-11,YouTube,insure_quote,0,doc
2025-11,Google,kiwisaver,0,doc
2025-11,Meta,kiwisaver,446,doc
2025-11,Reddit,kiwisaver,180,doc
2025-11,Stackadapt,kiwisaver,0,doc
2025-11,TikTok,kiwisaver,80,doc
2025-11,YouTube,kiwisaver,1,doc
2025-11,Meta,save,674,doc
2025-11,Reddit,save,374,doc
2025-11,Google,spend_actual,0.00,doc
2025-11,LinkedIn,spend_actual,0.00,doc
2025-11,Meta,spend_actual,27229.15,doc
2025-11,Reddit,spend_actual,16467.96,doc
2025-11,Spotify,spend_actual,0.00,doc
2025-11,Stackadapt,spend_actual,0.00,doc
2025-11,TikTok,spend_actual,5547.48,doc
2025-11,YouTube,spend_actual,4025.53,doc
2025-11,LinkedIn,spend_forecast,3000.00,doc
2025-11,Meta,spend_forecast,28500.00,doc
2025-11,Reddit,spend_forecast,15000.00,doc
2025-11,TikTok,spend_forecast,5500.00,doc
2025-11,YouTube,spend_forecast,4000.00,doc
2025-11,YouTube,spend_p_brand,4025.53,attribution
2025-11,Meta,spend_p_crypto,4514.48,attribution
2025-11,Meta,spend_p_kiwisaver,18986.04,attribution
2025-11,Google,spend_p_other,0.00,attribution
2025-11,Meta,spend_p_other,67.71,attribution
2025-11,Meta,spend_p_save,3352.87,attribution
2025-11,Meta,spend_p_spend_signup,308.05,attribution
2025-11,Google,subscription,0,doc
2025-11,Meta,subscription,944,doc
2025-11,Reddit,subscription,666,doc
2025-11,Stackadapt,subscription,0,doc
2025-11,TikTok,subscription,0,doc
2025-11,YouTube,subscription,0,doc
2025-12,Google,crypto,0,doc
2025-12,Meta,crypto,1970,doc
2025-12,Reddit,crypto,1075,doc
2025-12,Stackadapt,crypto,0,doc
2025-12,TikTok,crypto,320,doc
2025-12,YouTube,crypto,0,doc
2025-12,Google,insure_payment,0,doc
2025-12,Meta,insure_payment,16,doc
2025-12,Reddit,insure_payment,24,doc
2025-12,Stackadapt,insure_payment,0,doc
2025-12,TikTok,insure_payment,0,doc
2025-12,YouTube,insure_payment,0,doc
2025-12,Google,insure_quote,0,doc
2025-12,Meta,insure_quote,297,doc
2025-12,Reddit,insure_quote,178,doc
2025-12,Stackadapt,insure_quote,0,doc
2025-12,TikTok,insure_quote,0,doc
2025-12,YouTube,insure_quote,0,doc
2025-12,Google,kiwisaver,0,doc
2025-12,Meta,kiwisaver,242,doc
2025-12,Reddit,kiwisaver,147,doc
2025-12,Stackadapt,kiwisaver,0,doc
2025-12,TikTok,kiwisaver,65,doc
2025-12,YouTube,kiwisaver,0,doc
2025-12,Meta,save,436,doc
2025-12,Reddit,save,260,doc
2025-12,Google,spend_actual,0.00,doc
2025-12,LinkedIn,spend_actual,0.00,doc
2025-12,Meta,spend_actual,18635.82,doc
2025-12,Reddit,spend_actual,7088.81,doc
2025-12,Spotify,spend_actual,0.00,doc
2025-12,Stackadapt,spend_actual,0.00,doc
2025-12,TikTok,spend_actual,9018.35,doc
2025-12,YouTube,spend_actual,6765.78,doc
2025-12,LinkedIn,spend_forecast,1500.00,doc
2025-12,Meta,spend_forecast,12000.00,doc
2025-12,Reddit,spend_forecast,7000.00,doc
2025-12,TikTok,spend_forecast,2500.00,doc
2025-12,YouTube,spend_forecast,2000.00,doc
2025-12,YouTube,spend_p_brand,4576.40,attribution
2025-12,Meta,spend_p_crypto,4628.73,attribution
2025-12,YouTube,spend_p_crypto,876.33,attribution
2025-12,Meta,spend_p_kiwisaver,14007.09,attribution
2025-12,YouTube,spend_p_kiwisaver,1313.05,attribution
2025-12,Google,spend_p_other,0.00,attribution
2025-12,Google,subscription,0,doc
2025-12,Meta,subscription,643,doc
2025-12,Reddit,subscription,539,doc
2025-12,Stackadapt,subscription,0,doc
2025-12,TikTok,subscription,0,doc
2025-12,YouTube,subscription,19,doc
2026-01,Google,crypto,0,doc
2026-01,Meta,crypto,5025,doc
2026-01,Reddit,crypto,2067,doc
2026-01,Stackadapt,crypto,0,doc
2026-01,TikTok,crypto,671,doc
2026-01,YouTube,crypto,0,doc
2026-01,Google,insure_payment,0,doc
2026-01,Meta,insure_payment,56,doc
2026-01,Reddit,insure_payment,33,doc
2026-01,Stackadapt,insure_payment,0,doc
2026-01,TikTok,insure_payment,0,doc
2026-01,YouTube,insure_payment,0,doc
2026-01,Google,insure_quote,0,doc
2026-01,Meta,insure_quote,702,doc
2026-01,Reddit,insure_quote,295,doc
2026-01,Stackadapt,insure_quote,0,doc
2026-01,TikTok,insure_quote,0,doc
2026-01,YouTube,insure_quote,0,doc
2026-01,Google,kiwisaver,0,doc
2026-01,Meta,kiwisaver,692,doc
2026-01,Reddit,kiwisaver,328,doc
2026-01,Stackadapt,kiwisaver,0,doc
2026-01,TikTok,kiwisaver,130,doc
2026-01,YouTube,kiwisaver,0,doc
2026-01,Meta,save,1056,doc
2026-01,Reddit,save,522,doc
2026-01,Google,spend_actual,0.00,doc
2026-01,LinkedIn,spend_actual,0.00,doc
2026-01,Meta,spend_actual,39077.90,doc
2026-01,Reddit,spend_actual,15720.46,doc
2026-01,Spotify,spend_actual,0.00,doc
2026-01,Stackadapt,spend_actual,0.00,doc
2026-01,TikTok,spend_actual,24662.53,doc
2026-01,YouTube,spend_actual,22792.81,doc
2026-01,LinkedIn,spend_forecast,0.00,doc
2026-01,Meta,spend_forecast,42000.00,doc
2026-01,Reddit,spend_forecast,24400.00,doc
2026-01,Spotify,spend_forecast,17500.00,doc
2026-01,Stackadapt,spend_forecast,27500.00,doc
2026-01,TikTok,spend_forecast,29600.00,doc
2026-01,YouTube,spend_forecast,35000.00,doc
2026-01,Meta,spend_p_brand,3966.33,attribution
2026-01,YouTube,spend_p_brand,10997.29,attribution
2026-01,Meta,spend_p_crypto,18379.32,attribution
2026-01,YouTube,spend_p_crypto,4718.15,attribution
2026-01,Meta,spend_p_kiwisaver,16732.25,attribution
2026-01,YouTube,spend_p_kiwisaver,7077.37,attribution
2026-01,Google,spend_p_other,0.00,attribution
2026-01,Google,subscription,0,doc
2026-01,Meta,subscription,2140,doc
2026-01,Reddit,subscription,1150,doc
2026-01,Stackadapt,subscription,0,doc
2026-01,TikTok,subscription,0,doc
2026-01,YouTube,subscription,1,doc
2026-02,Google,crypto,0,doc
2026-02,Meta,crypto,4150,doc
2026-02,Reddit,crypto,1931,doc
2026-02,Stackadapt,crypto,0,doc
2026-02,TikTok,crypto,334,doc
2026-02,YouTube,crypto,0,doc
2026-02,Google,insure_payment,0,doc
2026-02,Meta,insure_payment,37,doc
2026-02,Reddit,insure_payment,23,doc
2026-02,Stackadapt,insure_payment,0,doc
2026-02,TikTok,insure_payment,0,doc
2026-02,YouTube,insure_payment,0,doc
2026-02,Google,insure_quote,0,doc
2026-02,Meta,insure_quote,493,doc
2026-02,Reddit,insure_quote,252,doc
2026-02,Stackadapt,insure_quote,883,doc
2026-02,TikTok,insure_quote,0,doc
2026-02,YouTube,insure_quote,0,doc
2026-02,Google,kiwisaver,0,doc
2026-02,Meta,kiwisaver,460,doc
2026-02,Reddit,kiwisaver,258,doc
2026-02,Stackadapt,kiwisaver,485,doc
2026-02,TikTok,kiwisaver,58,doc
2026-02,YouTube,kiwisaver,0,doc
2026-02,Meta,save,834,doc
2026-02,Reddit,save,515,doc
2026-02,Stackadapt,save,1461,doc
2026-02,Google,spend_actual,0.00,doc
2026-02,LinkedIn,spend_actual,0.00,doc
2026-02,Meta,spend_actual,40723.67,doc
2026-02,Reddit,spend_actual,27341.22,doc
2026-02,Spotify,spend_actual,0.00,doc
2026-02,Stackadapt,spend_actual,44001.36,doc
2026-02,TikTok,spend_actual,11363.88,doc
2026-02,YouTube,spend_actual,15322.54,doc
2026-02,Google,spend_forecast,0.00,doc
2026-02,LinkedIn,spend_forecast,0.00,doc
2026-02,Meta,spend_forecast,34804.00,doc
2026-02,Reddit,spend_forecast,20450.00,doc
2026-02,Spotify,spend_forecast,20000.00,doc
2026-02,Stackadapt,spend_forecast,38000.00,doc
2026-02,TikTok,spend_forecast,18500.00,doc
2026-02,YouTube,spend_forecast,15300.00,doc
2026-02,Meta,spend_p_brand,10300.98,attribution
2026-02,YouTube,spend_p_brand,3240.62,attribution
2026-02,Meta,spend_p_crypto,18073.17,attribution
2026-02,YouTube,spend_p_crypto,4880.15,attribution
2026-02,Meta,spend_p_kiwisaver,12349.52,attribution
2026-02,YouTube,spend_p_kiwisaver,7201.77,attribution
2026-02,Google,spend_p_other,0.00,attribution
2026-02,Google,subscription,0,doc
2026-02,Meta,subscription,1518,doc
2026-02,Reddit,subscription,851,doc
2026-02,Stackadapt,subscription,902,doc
2026-02,TikTok,subscription,0,doc
2026-02,YouTube,subscription,2,doc
2026-03,Google,crypto,0,doc
2026-03,Meta,crypto,3145,doc
2026-03,Reddit,crypto,1198,doc
2026-03,Stackadapt,crypto,0,doc
2026-03,TikTok,crypto,267,doc
2026-03,YouTube,crypto,0,doc
2026-03,Google,insure_payment,0,doc
2026-03,Meta,insure_payment,33,doc
2026-03,Reddit,insure_payment,22,doc
2026-03,Stackadapt,insure_payment,0,doc
2026-03,TikTok,insure_payment,0,doc
2026-03,YouTube,insure_payment,0,doc
2026-03,Google,insure_quote,0,doc
2026-03,Meta,insure_quote,577,doc
2026-03,Reddit,insure_quote,222,doc
2026-03,Stackadapt,insure_quote,733,doc
2026-03,TikTok,insure_quote,0,doc
2026-03,Google,kiwisaver,0,doc
2026-03,Meta,kiwisaver,512,doc
2026-03,Reddit,kiwisaver,227,doc
2026-03,Stackadapt,kiwisaver,667,doc
2026-03,TikTok,kiwisaver,51,doc
2026-03,YouTube,kiwisaver,1,doc
2026-03,Meta,save,802,doc
2026-03,Reddit,save,379,doc
2026-03,Stackadapt,save,1332,doc
2026-03,Google,spend_actual,0.00,doc
2026-03,LinkedIn,spend_actual,0.00,doc
2026-03,Meta,spend_actual,58449.26,doc
2026-03,Reddit,spend_actual,28109.90,doc
2026-03,Spotify,spend_actual,0.00,doc
2026-03,Stackadapt,spend_actual,58410.28,doc
2026-03,TikTok,spend_actual,10666.00,doc
2026-03,YouTube,spend_actual,22910.97,doc
2026-03,Google,spend_forecast,5400.00,doc
2026-03,LinkedIn,spend_forecast,0.00,doc
2026-03,Meta,spend_forecast,55650.00,doc
2026-03,Reddit,spend_forecast,31850.00,doc
2026-03,Spotify,spend_forecast,8100.00,doc
2026-03,Stackadapt,spend_forecast,8000.00,doc
2026-03,TikTok,spend_forecast,39100.00,doc
2026-03,YouTube,spend_forecast,14900.00,doc
2026-03,Meta,spend_p_brand,18649.18,attribution
2026-03,YouTube,spend_p_brand,10467.87,attribution
2026-03,Meta,spend_p_crypto,19376.55,attribution
2026-03,YouTube,spend_p_crypto,4968.78,attribution
2026-03,Meta,spend_p_kiwisaver,17591.64,attribution
2026-03,YouTube,spend_p_kiwisaver,7474.32,attribution
2026-03,Google,spend_p_other,0.00,attribution
2026-03,Meta,spend_p_other,504.69,attribution
2026-03,Meta,spend_p_spend_signup,2327.20,attribution
2026-03,Google,spend_signup,0,doc
2026-03,Meta,spend_signup,89,doc
2026-03,Reddit,spend_signup,0,doc
2026-03,Stackadapt,spend_signup,0,doc
2026-03,TikTok,spend_signup,0,doc
2026-03,YouTube,spend_signup,0,doc
2026-03,Google,subscription,0,doc
2026-03,Meta,subscription,1526,doc
2026-03,Reddit,subscription,771,doc
2026-03,Stackadapt,subscription,963,doc
2026-03,TikTok,subscription,0,doc
2026-03,YouTube,subscription,3,doc
2026-04,Google,crypto,0,doc
2026-04,Meta,crypto,1289,doc
2026-04,Reddit,crypto,475,doc
2026-04,Stackadapt,crypto,713,doc
2026-04,TikTok,crypto,54,doc
2026-04,YouTube,crypto,0,doc
2026-04,Google,insure_payment,0,doc
2026-04,Meta,insure_payment,21,doc
2026-04,Reddit,insure_payment,24,doc
2026-04,Stackadapt,insure_payment,0,doc
2026-04,TikTok,insure_payment,0,doc
2026-04,YouTube,insure_payment,0,doc
2026-04,Google,insure_quote,0,doc
2026-04,Meta,insure_quote,602,doc
2026-04,Reddit,insure_quote,200,doc
2026-04,Stackadapt,insure_quote,125,doc
2026-04,TikTok,insure_quote,0,doc
2026-04,YouTube,insure_quote,0,doc
2026-04,Google,kiwisaver,0,doc
2026-04,Meta,kiwisaver,278,doc
2026-04,Reddit,kiwisaver,601,doc
2026-04,Stackadapt,kiwisaver,159,doc
2026-04,TikTok,kiwisaver,17,doc
2026-04,YouTube,kiwisaver,0,doc
2026-04,Meta,save,737,doc
2026-04,Reddit,save,337,doc
2026-04,Google,spend_actual,3128.91,doc
2026-04,LinkedIn,spend_actual,0.00,doc
2026-04,Meta,spend_actual,22425.01,doc
2026-04,Reddit,spend_actual,5529.45,doc
2026-04,Spotify,spend_actual,0.00,doc
2026-04,Stackadapt,spend_actual,9001.24,doc
2026-04,TikTok,spend_actual,3269.45,doc
2026-04,YouTube,spend_actual,8159.36,doc
2026-04,LinkedIn,spend_forecast,0.00,doc
2026-04,Meta,spend_p_brand,4797.54,attribution
2026-04,YouTube,spend_p_brand,4173.69,attribution
2026-04,Meta,spend_p_crypto,3472.03,attribution
2026-04,YouTube,spend_p_crypto,1998.17,attribution
2026-04,Meta,spend_p_insure_payment,4512.49,attribution
2026-04,Meta,spend_p_insure_quote,4512.49,attribution
2026-04,Meta,spend_p_kiwisaver,5908.39,attribution
2026-04,YouTube,spend_p_kiwisaver,1987.50,attribution
2026-04,Google,spend_p_other,3128.91,attribution
2026-04,Meta,spend_p_other,402.48,attribution
2026-04,Meta,spend_p_spend_signup,3332.08,attribution
2026-04,Google,spend_signup,0,doc
2026-04,Meta,spend_signup,472,doc
2026-04,Reddit,spend_signup,209,doc
2026-04,Stackadapt,spend_signup,0,doc
2026-04,TikTok,spend_signup,0,doc
2026-04,YouTube,spend_signup,0,doc
2026-04,Google,subscription,0,doc
2026-04,Meta,subscription,1111,doc
2026-04,Reddit,subscription,586,doc
2026-04,Stackadapt,subscription,0,doc
2026-04,TikTok,subscription,0,doc
2026-04,YouTube,subscription,1,doc
2026-05,Google,crypto,0,doc
2026-05,Meta,crypto,1832,doc
2026-05,Reddit,crypto,1004,doc
2026-05,Stackadapt,crypto,136,doc
2026-05,TikTok,crypto,44,doc
2026-05,YouTube,crypto,0,doc
2026-05,Google,insure_payment,0,doc
2026-05,Meta,insure_payment,47,doc
2026-05,Reddit,insure_payment,40,doc
2026-05,Stackadapt,insure_payment,0,doc
2026-05,TikTok,insure_payment,0,doc
2026-05,YouTube,insure_payment,0,doc
2026-05,Google,insure_quote,0,doc
2026-05,Meta,insure_quote,627,doc
2026-05,Reddit,insure_quote,283,doc
2026-05,Stackadapt,insure_quote,201,doc
2026-05,TikTok,insure_quote,0,doc
2026-05,YouTube,insure_quote,0,doc
2026-05,Google,kiwisaver,0,doc
2026-05,Meta,kiwisaver,848,doc
2026-05,Reddit,kiwisaver,601,doc
2026-05,Stackadapt,kiwisaver,444,doc
2026-05,TikTok,kiwisaver,11,doc
2026-05,YouTube,kiwisaver,0,doc
2026-05,Meta,save,1152,doc
2026-05,Reddit,save,740,doc
2026-05,Stackadapt,save,0,doc
2026-05,Google,spend_actual,1408.81,doc
2026-05,LinkedIn,spend_actual,0.00,doc
2026-05,Meta,spend_actual,39526.12,doc
2026-05,Reddit,spend_actual,12062.35,doc
2026-05,Spotify,spend_actual,0.00,doc
2026-05,Stackadapt,spend_actual,10501.54,doc
2026-05,TikTok,spend_actual,1401.80,doc
2026-05,YouTube,spend_actual,6727.77,doc
2026-05,Meta,spend_p_brand,3995.87,attribution
2026-05,YouTube,spend_p_brand,3715.14,attribution
2026-05,Meta,spend_p_crypto,3584.64,attribution
2026-05,YouTube,spend_p_crypto,1182.66,attribution
2026-05,Meta,spend_p_insure_payment,3028.28,attribution
2026-05,Meta,spend_p_insure_quote,3028.28,attribution
2026-05,Meta,spend_p_kiwisaver,7998.42,attribution
2026-05,YouTube,spend_p_kiwisaver,1829.97,attribution
2026-05,Google,spend_p_other,484.76,attribution
2026-05,Meta,spend_p_other,8776.90,attribution
2026-05,Meta,spend_p_save,2432.98,attribution
2026-05,Google,spend_p_spend_signup,924.05,attribution
2026-05,Meta,spend_p_spend_signup,9709.03,attribution
2026-05,Google,spend_signup,0,doc
2026-05,Meta,spend_signup,1505,doc
2026-05,Reddit,spend_signup,717,doc
2026-05,Stackadapt,spend_signup,0,doc
2026-05,TikTok,spend_signup,0,doc
2026-05,YouTube,spend_signup,0,doc
2026-05,Google,subscription,0,doc
2026-05,Meta,subscription,1871,doc
2026-05,Reddit,subscription,1296,doc
2026-05,Stackadapt,subscription,0,doc
2026-05,TikTok,subscription,0,doc
2026-05,YouTube,subscription,0,doc
2026-06,Google,crypto,0,doc
2026-06,Meta,crypto,1397,doc
2026-06,Reddit,crypto,589,doc
2026-06,Stackadapt,crypto,128,doc
2026-06,TikTok,crypto,0,doc
2026-06,YouTube,crypto,0,doc
2026-06,Google,insure_payment,0,doc
2026-06,Meta,insure_payment,58,doc
2026-06,Reddit,insure_payment,40,doc
2026-06,Stackadapt,insure_payment,0,doc
2026-06,TikTok,insure_payment,0,doc
2026-06,YouTube,insure_payment,0,doc
2026-06,Google,insure_quote,0,doc
2026-06,Meta,insure_quote,393,doc
2026-06,Reddit,insure_quote,141,doc
2026-06,Stackadapt,insure_quote,107,doc
2026-06,TikTok,insure_quote,0,doc
2026-06,YouTube,insure_quote,0,doc
2026-06,Google,kiwisaver,0,doc
2026-06,Meta,kiwisaver,824,doc
2026-06,Reddit,kiwisaver,226,doc
2026-06,Stackadapt,kiwisaver,390,doc
2026-06,TikTok,kiwisaver,0,doc
2026-06,YouTube,kiwisaver,0,doc
2026-06,Google,save,34,doc
2026-06,Meta,save,1499,doc
2026-06,Reddit,save,692,doc
2026-06,Stackadapt,save,382,doc
2026-06,Google,spend_actual,3255.00,doc
2026-06,LinkedIn,spend_actual,0.00,doc
2026-06,Meta,spend_actual,42877.00,doc
2026-06,Reddit,spend_actual,10500.00,doc
2026-06,Spotify,spend_actual,0.00,doc
2026-06,Stackadapt,spend_actual,15000.00,doc
2026-06,TikTok,spend_actual,0.00,doc
2026-06,YouTube,spend_actual,6225.00,doc
2026-06,Google,spend_forecast,4500.00,doc
2026-06,LinkedIn,spend_forecast,0.00,doc
2026-06,Meta,spend_forecast,44188.00,doc
2026-06,Reddit,spend_forecast,10000.00,doc
2026-06,Spotify,spend_forecast,0.00,doc
2026-06,Stackadapt,spend_forecast,15000.00,doc
2026-06,TikTok,spend_forecast,0.00,doc
2026-06,YouTube,spend_forecast,7000.00,doc
2026-06,Meta,spend_p_brand,3721.54,attribution
2026-06,YouTube,spend_p_brand,3993.27,attribution
2026-06,Meta,spend_p_crypto,2838.65,attribution
2026-06,YouTube,spend_p_crypto,263.77,attribution
2026-06,Meta,spend_p_insure_payment,2916.28,attribution
2026-06,Meta,spend_p_insure_quote,2916.28,attribution
2026-06,Meta,spend_p_kiwisaver,17665.52,attribution
2026-06,YouTube,spend_p_kiwisaver,1967.96,attribution
2026-06,Google,spend_p_other,407.77,attribution
2026-06,Meta,spend_p_other,1672.96,attribution
2026-06,Google,spend_p_save,962.35,attribution
2026-06,Meta,spend_p_save,7317.19,attribution
2026-06,Google,spend_p_spend_signup,1884.88,attribution
2026-06,Meta,spend_p_spend_signup,6744.85,attribution
2026-06,Google,spend_signup,10,doc
2026-06,Meta,spend_signup,1000,doc
2026-06,Reddit,spend_signup,399,doc
2026-06,Stackadapt,spend_signup,0,doc
2026-06,TikTok,spend_signup,0,doc
2026-06,YouTube,spend_signup,0,doc
2026-06,Google,subscription,0,doc
2026-06,Meta,subscription,1728,doc
2026-06,Reddit,subscription,933,doc
2026-06,Stackadapt,subscription,0,doc
2026-06,TikTok,subscription,0,doc
2026-06,YouTube,subscription,0,doc
2026-07,Google,crypto,0,doc
2026-07,Meta,crypto,1103,doc
2026-07,Reddit,crypto,698,doc
2026-07,Stackadapt,crypto,143,doc
2026-07,TikTok,crypto,0,doc
2026-07,YouTube,crypto,0,doc
2026-07,Google,insure_payment,0,doc
2026-07,Meta,insure_payment,59,doc
2026-07,Reddit,insure_payment,44,doc
2026-07,Stackadapt,insure_payment,0,doc
2026-07,TikTok,insure_payment,0,doc
2026-07,YouTube,insure_payment,0,doc
2026-07,Google,insure_quote,0,doc
2026-07,Meta,insure_quote,390,doc
2026-07,Reddit,insure_quote,216,doc
2026-07,Stackadapt,insure_quote,161,doc
2026-07,TikTok,insure_quote,0,doc
2026-07,YouTube,insure_quote,0,doc
2026-07,Google,kiwisaver,22,doc
2026-07,Meta,kiwisaver,621,doc
2026-07,Reddit,kiwisaver,331,doc
2026-07,Stackadapt,kiwisaver,341,doc
2026-07,TikTok,kiwisaver,14,doc
2026-07,YouTube,kiwisaver,0,doc
2026-07,Google,save,22,doc
2026-07,Meta,save,1639,doc
2026-07,Reddit,save,972,doc
2026-07,Stackadapt,save,678,doc
2026-07,Google,spend_actual,23510.00,doc
2026-07,LinkedIn,spend_actual,0.00,doc
2026-07,Meta,spend_actual,58894.00,doc
2026-07,Reddit,spend_actual,21591.00,doc
2026-07,Spotify,spend_actual,0.00,doc
2026-07,Stackadapt,spend_actual,14769.00,doc
2026-07,TikTok,spend_actual,5000.00,doc
2026-07,YouTube,spend_actual,6678.00,doc
2026-07,Google,spend_forecast,35000.00,doc
2026-07,LinkedIn,spend_forecast,0.00,doc
2026-07,Meta,spend_forecast,61224.00,doc
2026-07,Reddit,spend_forecast,22500.00,doc
2026-07,Spotify,spend_forecast,0.00,doc
2026-07,Stackadapt,spend_forecast,15500.00,doc
2026-07,TikTok,spend_forecast,5000.00,doc
2026-07,YouTube,spend_forecast,7000.00,doc
2026-07,Meta,spend_p_brand,3913.23,attribution
2026-07,YouTube,spend_p_brand,3840.61,attribution
2026-07,Meta,spend_p_crypto,2317.96,attribution
2026-07,YouTube,spend_p_crypto,945.75,attribution
2026-07,Meta,spend_p_insure_payment,2893.94,attribution
2026-07,Meta,spend_p_insure_quote,2893.94,attribution
2026-07,Google,spend_p_kiwisaver,16616.37,attribution
2026-07,Meta,spend_p_kiwisaver,33360.78,attribution
2026-07,YouTube,spend_p_kiwisaver,1891.64,attribution
2026-07,Meta,spend_p_other,238.21,attribution
2026-07,Google,spend_p_save,2960.27,attribution
2026-07,Meta,spend_p_save,9669.09,attribution
2026-07,Google,spend_p_spend_signup,1959.09,attribution
2026-07,Meta,spend_p_spend_signup,5307.83,attribution
2026-07,Google,spend_p_wills,1974.27,attribution
2026-07,Meta,spend_p_wills,1192.96,attribution
2026-07,Google,spend_signup,11,doc
2026-07,Meta,spend_signup,774,doc
2026-07,Reddit,spend_signup,409,doc
2026-07,Stackadapt,spend_signup,0,doc
2026-07,TikTok,spend_signup,0,doc
2026-07,YouTube,spend_signup,0,doc
2026-07,Google,subscription,0,doc
2026-07,Meta,subscription,1593,doc
2026-07,Reddit,subscription,1143,doc
2026-07,Stackadapt,subscription,0,doc
2026-07,TikTok,subscription,0,doc
2026-07,YouTube,subscription,0,doc
2026-08,Google,crypto,3,google_ads
2026-08,Meta,crypto,904,meta_ads
2026-08,Reddit,crypto,323,doc
2026-08,Stackadapt,crypto,69,doc
2026-08,TikTok,crypto,0,doc
2026-08,YouTube,crypto,0,doc
2026-08,Google,insure_payment,0,doc
2026-08,Meta,insure_payment,34,meta_ads
2026-08,Reddit,insure_payment,12,doc
2026-08,Stackadapt,insure_payment,0,doc
2026-08,TikTok,insure_payment,0,doc
2026-08,YouTube,insure_payment,0,doc
2026-08,Google,insure_quote,2,doc
2026-08,Meta,insure_quote,443,meta_ads
2026-08,Reddit,insure_quote,113,doc
2026-08,Stackadapt,insure_quote,82,doc
2026-08,TikTok,insure_quote,0,doc
2026-08,YouTube,insure_quote,0,doc
2026-08,Google,kiwisaver,7,google_ads
2026-08,Meta,kiwisaver,511,meta_ads
2026-08,Reddit,kiwisaver,125,doc
2026-08,Stackadapt,kiwisaver,26,doc
2026-08,TikTok,kiwisaver,0,doc
2026-08,YouTube,kiwisaver,0,doc
2026-08,Google,save,9,google_ads
2026-08,Meta,save,932,meta_ads
2026-08,Reddit,save,282,doc
2026-08,Stackadapt,save,206,doc
2026-08,Google,spend_actual,17356.49,google_ads
2026-08,LinkedIn,spend_actual,0.00,doc
2026-08,Meta,spend_actual,45448.56,meta_ads
2026-08,Reddit,spend_actual,7213.00,doc
2026-08,Spotify,spend_actual,0.00,doc
2026-08,Stackadapt,spend_actual,4911.00,doc
2026-08,TikTok,spend_actual,0.00,doc
2026-08,YouTube,spend_actual,5368.19,google_ads
2026-08,Google,spend_forecast,30000.00,doc
2026-08,LinkedIn,spend_forecast,0.00,doc
2026-08,Meta,spend_forecast,65750.00,doc
2026-08,Reddit,spend_forecast,18250.00,doc
2026-08,Spotify,spend_forecast,0.00,doc
2026-08,Stackadapt,spend_forecast,17000.00,doc
2026-08,TikTok,spend_forecast,0.00,doc
2026-08,YouTube,spend_forecast,7000.00,doc
2026-08,Meta,spend_p_brand,2880.29,attribution
2026-08,YouTube,spend_p_brand,3087.17,attribution
2026-08,Meta,spend_p_crypto,1422.79,attribution
2026-08,YouTube,spend_p_crypto,760.24,attribution
2026-08,Meta,spend_p_insure_payment,3238.09,attribution
2026-08,Meta,spend_p_insure_quote,3238.09,attribution
2026-08,Google,spend_p_kiwisaver,11415.23,attribution
2026-08,Meta,spend_p_kiwisaver,22900.24,attribution
2026-08,YouTube,spend_p_kiwisaver,1520.78,attribution
2026-08,Google,spend_p_other,1920.94,attribution
2026-08,Meta,spend_p_other,3838.74,attribution
2026-08,Google,spend_p_save,1790.92,attribution
2026-08,Meta,spend_p_save,7434.63,attribution
2026-08,Google,spend_p_spend_signup,899.41,attribution
2026-08,Meta,spend_p_spend_signup,2837.21,attribution
2026-08,Google,spend_p_wills,1330.00,attribution
2026-08,Meta,spend_p_wills,896.57,attribution
2026-08,Google,spend_signup,3,google_ads
2026-08,Meta,spend_signup,487,meta_ads
2026-08,Reddit,spend_signup,145,doc
2026-08,Stackadapt,spend_signup,0,doc
2026-08,TikTok,spend_signup,0,doc
2026-08,YouTube,spend_signup,0,doc
2026-08,Google,subscription,2,doc
2026-08,Meta,subscription,1082,meta_ads
2026-08,Reddit,subscription,366,doc
2026-08,Stackadapt,subscription,0,doc
2026-08,TikTok,subscription,0,doc
2026-08,YouTube,subscription,0,doc
